SBR_ENTRYPOINT;http://www.nltaxonomie.nl/nt20/bzk/20260121/entrypoints/bzk-rpt-de-verantwoordingsinformatie-2025-toegelaten-instellingen-volkshuisvesting-hybride-scheiding.xsd
SBR_CONNECT;SBR_LABEL;SBR_CONCEPT;SBR_AXIS[jenv-bw2-dim:BasisOfPreparationAxis];SBR_AXIS[jenv-bw2-dim:FinancialStatementsTypeAxis];SBR_AXIS[bzk-ww-dim:ClassesOfSpecificationOfTheRentalIncomeAxis]
=GROUP(BEiv*+BEga*+BVrz*+BLas*+BSch*);Passiva;jenv-bw2-i_EquityAndLiabilities;jenv-bw2-dm:CommercialMember;bzk-ww-dm:DAEBActivitiesMember
=GROUP(BEiv*+BEga*+BVrz*+BLas*+BSch*);Passiva;jenv-bw2-i_EquityAndLiabilities;jenv-bw2-dm:CommercialMember;jenv-bw2-dm:ConsolidatedMember
=GROUP(BEiv*+BEga*+BVrz*+BLas*+BSch*);Passiva;jenv-bw2-i_EquityAndLiabilities;jenv-bw2-dm:CommercialMember;jenv-bw2-dm:SeparateMember
=GROUP(BEiv*+BEga*+BVrz*+BLas*+BSch*);Passiva;jenv-bw2-i_EquityAndLiabilities;jenv-bw2-dm:CommercialMember;bzk-ww-dm:CompoundNonDAEBActivitiesMember
=GROUP(BEiv*+BEga*+BVrz*+BLas*+BSch*);Passiva;jenv-bw2-i_EquityAndLiabilities;jenv-bw2-dm:CommercialMember;bzk-ww-dm:NonDAEBActivitiesMember
=GROUP(BEiv*-BEivAvd*);Eigen vermogen;jenv-bw2-i_Equity;jenv-bw2-dm:CommercialMember;jenv-bw2-dm:ConsolidatedMember
=GROUP(BEiv*-BEivAvd*);Eigen vermogen;jenv-bw2-i_Equity;jenv-bw2-dm:CommercialMember;bzk-ww-dm:CompoundNonDAEBActivitiesMember
=GROUP(BEivOvr*+BEivOre*-BEivOreRvh*+BEivFij*);Overige reserves;jenv-bw2-i_ReservesOther;jenv-bw2-dm:CommercialMember;bzk-ww-dm:DAEBActivitiesMember
=GROUP(BEivOvr*+BEivOre*-BEivOreRvh*+BEivFij*);Overige reserves;jenv-bw2-i_ReservesOther;jenv-bw2-dm:CommercialMember;bzk-ww-dm:NonDAEBActivitiesMember
=GROUP(BEivWer*+BEivStr*);Wettelijke en statutaire reserves;jenv-bw2-i_LegalStatutoryReserves;jenv-bw2-dm:CommercialMember;bzk-ww-dm:DAEBActivitiesMember
=GROUP(BEivWer*+BEivStr*);Wettelijke en statutaire reserves;jenv-bw2-i_LegalStatutoryReserves;jenv-bw2-dm:CommercialMember;jenv-bw2-dm:SeparateMember
=GROUP(BEivWer*+BEivStr*);Wettelijke en statutaire reserves;jenv-bw2-i_LegalStatutoryReserves;jenv-bw2-dm:CommercialMember;bzk-ww-dm:NonDAEBActivitiesMember
=GROUP(BFvaDig*+BFvaAnd*+BFvaNvm*);Andere deelnemingen;jenv-bw2-i_InvestmentsInParticipatingInterestsOther;jenv-bw2-dm:CommercialMember;bzk-ww-dm:DAEBActivitiesMember
=GROUP(BFvaDig*+BFvaAnd*+BFvaNvm*);Andere deelnemingen;jenv-bw2-i_InvestmentsInParticipatingInterestsOther;jenv-bw2-dm:CommercialMember;jenv-bw2-dm:ConsolidatedMember
=GROUP(BFvaDig*+BFvaAnd*+BFvaNvm*);Andere deelnemingen;jenv-bw2-i_InvestmentsInParticipatingInterestsOther;jenv-bw2-dm:CommercialMember;bzk-ww-dm:CompoundNonDAEBActivitiesMember
=GROUP(BFvaDig*+BFvaAnd*+BFvaNvm*);Andere deelnemingen;jenv-bw2-i_InvestmentsInParticipatingInterestsOther;jenv-bw2-dm:CommercialMember;bzk-ww-dm:NonDAEBActivitiesMember
=GROUP(BFvaDig*+BFvaNvm*);Aandelen, certificaten van aandelen en andere vormen van deelneming in groepsmaatschappijen;jenv-bw2-i_InvestmentsInParticipatingInterestsInGroupCompanies;jenv-bw2-dm:CommercialMember;bzk-ww-dm:DAEBActivitiesMember
=GROUP(BFvaDig*+BFvaNvm*);Aandelen, certificaten van aandelen en andere vormen van deelneming in groepsmaatschappijen;jenv-bw2-i_InvestmentsInParticipatingInterestsInGroupCompanies;jenv-bw2-dm:CommercialMember;jenv-bw2-dm:SeparateMember
=GROUP(BFvaDig*+BFvaNvm*);Aandelen, certificaten van aandelen en andere vormen van deelneming in groepsmaatschappijen;jenv-bw2-i_InvestmentsInParticipatingInterestsInGroupCompanies;jenv-bw2-dm:CommercialMember;bzk-ww-dm:NonDAEBActivitiesMember
=GROUP(BFvaOvr*+BFvaSub*+BFvaIlg*);Langlopende overige vorderingen;jenv-bw2-i_ReceivablesOtherNoncurrent;jenv-bw2-dm:CommercialMember;bzk-ww-dm:DAEBActivitiesMember
=GROUP(BFvaOvr*+BFvaSub*+BFvaIlg*);Langlopende overige vorderingen;jenv-bw2-i_ReceivablesOtherNoncurrent;jenv-bw2-dm:CommercialMember;jenv-bw2-dm:ConsolidatedMember
=GROUP(BFvaOvr*+BFvaSub*+BFvaIlg*);Langlopende overige vorderingen;jenv-bw2-i_ReceivablesOtherNoncurrent;jenv-bw2-dm:CommercialMember;jenv-bw2-dm:SeparateMember
=GROUP(BFvaOvr*+BFvaSub*+BFvaIlg*);Langlopende overige vorderingen;jenv-bw2-i_ReceivablesOtherNoncurrent;jenv-bw2-dm:CommercialMember;bzk-ww-dm:CompoundNonDAEBActivitiesMember
=GROUP(BFvaOvr*+BFvaSub*+BFvaIlg*);Langlopende overige vorderingen;jenv-bw2-i_ReceivablesOtherNoncurrent;jenv-bw2-dm:CommercialMember;bzk-ww-dm:NonDAEBActivitiesMember
=GROUP(BFvaVog*+BFvaVop*);Langlopende vorderingen op andere rechtspersonen en vennootschappen die een deelneming hebben in de rechtspersoon of waarin de rechtspersoon een deelneming heeft;jenv-bw2-i_ReceivablesShareholdersParticipatingInterestsNoncurrent;jenv-bw2-dm:CommercialMember;bzk-ww-dm:DAEBActivitiesMember
=GROUP(BFvaVog*+BFvaVop*);Langlopende vorderingen op andere rechtspersonen en vennootschappen die een deelneming hebben in de rechtspersoon of waarin de rechtspersoon een deelneming heeft;jenv-bw2-i_ReceivablesShareholdersParticipatingInterestsNoncurrent;jenv-bw2-dm:CommercialMember;jenv-bw2-dm:ConsolidatedMember
=GROUP(BFvaVog*+BFvaVop*);Langlopende vorderingen op andere rechtspersonen en vennootschappen die een deelneming hebben in de rechtspersoon of waarin de rechtspersoon een deelneming heeft;jenv-bw2-i_ReceivablesShareholdersParticipatingInterestsNoncurrent;jenv-bw2-dm:CommercialMember;bzk-ww-dm:CompoundNonDAEBActivitiesMember
=GROUP(BFvaVog*+BFvaVop*);Langlopende vorderingen op andere rechtspersonen en vennootschappen die een deelneming hebben in de rechtspersoon of waarin de rechtspersoon een deelneming heeft;jenv-bw2-i_ReceivablesShareholdersParticipatingInterestsNoncurrent;jenv-bw2-dm:CommercialMember;bzk-ww-dm:NonDAEBActivitiesMember
=GROUP(BIva*+BMva*+BVas*+BFva*);Vaste activa;jenv-bw2-i_AssetsNoncurrent;jenv-bw2-dm:CommercialMember;bzk-ww-dm:DAEBActivitiesMember
=GROUP(BIva*+BMva*+BVas*+BFva*);Vaste activa;jenv-bw2-i_AssetsNoncurrent;jenv-bw2-dm:CommercialMember;jenv-bw2-dm:ConsolidatedMember
=GROUP(BIva*+BMva*+BVas*+BFva*);Vaste activa;jenv-bw2-i_AssetsNoncurrent;jenv-bw2-dm:CommercialMember;jenv-bw2-dm:SeparateMember
=GROUP(BIva*+BMva*+BVas*+BFva*);Vaste activa;jenv-bw2-i_AssetsNoncurrent;jenv-bw2-dm:CommercialMember;bzk-ww-dm:CompoundNonDAEBActivitiesMember
=GROUP(BIva*+BMva*+BVas*+BFva*);Vaste activa;jenv-bw2-i_AssetsNoncurrent;jenv-bw2-dm:CommercialMember;bzk-ww-dm:NonDAEBActivitiesMember
=GROUP(BIva*+BMva*+BVas*+BFva*+BVrd*+BPro*+BVor*+Beff*+BLim*);Activa;jenv-bw2-i_Assets;jenv-bw2-dm:CommercialMember;bzk-ww-dm:DAEBActivitiesMember
=GROUP(BIva*+BMva*+BVas*+BFva*+BVrd*+BPro*+BVor*+Beff*+BLim*);Activa;jenv-bw2-i_Assets;jenv-bw2-dm:CommercialMember;jenv-bw2-dm:ConsolidatedMember
=GROUP(BIva*+BMva*+BVas*+BFva*+BVrd*+BPro*+BVor*+Beff*+BLim*);Activa;jenv-bw2-i_Assets;jenv-bw2-dm:CommercialMember;jenv-bw2-dm:SeparateMember
=GROUP(BIva*+BMva*+BVas*+BFva*+BVrd*+BPro*+BVor*+Beff*+BLim*);Activa;jenv-bw2-i_Assets;jenv-bw2-dm:CommercialMember;bzk-ww-dm:CompoundNonDAEBActivitiesMember
=GROUP(BIva*+BMva*+BVas*+BFva*+BVrd*+BPro*+BVor*+Beff*+BLim*);Activa;jenv-bw2-i_Assets;jenv-bw2-dm:CommercialMember;bzk-ww-dm:NonDAEBActivitiesMember
=GROUP(BLasAcl*+BLasCol*+BLasAoe*+BLasFlv*+BLasVob*+BLasSal*+BLasTbw*+BLasNeg*+BLasOdv*+BLasPar*+BLasOls*+BLasOvp*);Langlopende overige schulden;jenv-bw2-i_PayablesOtherNoncurrent;jenv-bw2-dm:CommercialMember;bzk-ww-dm:DAEBActivitiesMember
=GROUP(BLasAcl*+BLasCol*+BLasAoe*+BLasFlv*+BLasVob*+BLasSal*+BLasTbw*+BLasNeg*+BLasOdv*+BLasPar*+BLasOls*+BLasOvp*);Langlopende overige schulden;jenv-bw2-i_PayablesOtherNoncurrent;jenv-bw2-dm:CommercialMember;jenv-bw2-dm:ConsolidatedMember
=GROUP(BLasAcl*+BLasCol*+BLasAoe*+BLasFlv*+BLasVob*+BLasSal*+BLasTbw*+BLasNeg*+BLasOdv*+BLasPar*+BLasOls*+BLasOvp*);Langlopende overige schulden;jenv-bw2-i_PayablesOtherNoncurrent;jenv-bw2-dm:CommercialMember;jenv-bw2-dm:SeparateMember
=GROUP(BLasAcl*+BLasCol*+BLasAoe*+BLasFlv*+BLasVob*+BLasSal*+BLasTbw*+BLasNeg*+BLasOdv*+BLasPar*+BLasOls*+BLasOvp*);Langlopende overige schulden;jenv-bw2-i_PayablesOtherNoncurrent;jenv-bw2-dm:CommercialMember;bzk-ww-dm:CompoundNonDAEBActivitiesMember
=GROUP(BLasAcl*+BLasCol*+BLasAoe*+BLasFlv*+BLasVob*+BLasSal*+BLasTbw*+BLasNeg*+BLasOdv*+BLasPar*+BLasOls*+BLasOvp*);Langlopende overige schulden;jenv-bw2-i_PayablesOtherNoncurrent;jenv-bw2-dm:CommercialMember;bzk-ww-dm:NonDAEBActivitiesMember
=GROUP(BLasSag*+BLasSap*+BSchSdn*);Langlopende schulden aan rechtspersonen en vennootschappen die een deelneming hebben in de rechtspersoon of waarin de rechtspersoon een deelneming heeft;jenv-bw2-i_PayablesShareholdersParticipatingInterestsNoncurrent;jenv-bw2-dm:CommercialMember;bzk-ww-dm:DAEBActivitiesMember
=GROUP(BLasSag*+BLasSap*+BSchSdn*);Langlopende schulden aan rechtspersonen en vennootschappen die een deelneming hebben in de rechtspersoon of waarin de rechtspersoon een deelneming heeft;jenv-bw2-i_PayablesShareholdersParticipatingInterestsNoncurrent;jenv-bw2-dm:CommercialMember;jenv-bw2-dm:ConsolidatedMember
=GROUP(BLasSag*+BLasSap*+BSchSdn*);Langlopende schulden aan rechtspersonen en vennootschappen die een deelneming hebben in de rechtspersoon of waarin de rechtspersoon een deelneming heeft;jenv-bw2-i_PayablesShareholdersParticipatingInterestsNoncurrent;jenv-bw2-dm:CommercialMember;bzk-ww-dm:CompoundNonDAEBActivitiesMember
=GROUP(BLasSag*+BLasSap*+BSchSdn*);Langlopende schulden aan rechtspersonen en vennootschappen die een deelneming hebben in de rechtspersoon of waarin de rechtspersoon een deelneming heeft;jenv-bw2-i_PayablesShareholdersParticipatingInterestsNoncurrent;jenv-bw2-dm:CommercialMember;bzk-ww-dm:NonDAEBActivitiesMember
=GROUP(BLasSap*+BSchSdn*);Langlopende schulden aan rechtspersonen en vennootschappen die een deelneming hebben in de rechtspersoon of waarin de rechtspersoon een deelneming heeft;jenv-bw2-i_PayablesShareholdersParticipatingInterestsNoncurrent;jenv-bw2-dm:CommercialMember;jenv-bw2-dm:SeparateMember
=GROUP(BSchKol*+BSchVob*+BSchTbw*+BSchFlk*+BSchOpp*+BSchSal*+BSchOvs*+BSchSlc*);Kortlopende overige schulden;jenv-bw2-i_PayablesOtherCurrent;jenv-bw2-dm:CommercialMember;bzk-ww-dm:DAEBActivitiesMember
=GROUP(BSchKol*+BSchVob*+BSchTbw*+BSchFlk*+BSchOpp*+BSchSal*+BSchOvs*+BSchSlc*);Kortlopende overige schulden;jenv-bw2-i_PayablesOtherCurrent;jenv-bw2-dm:CommercialMember;jenv-bw2-dm:ConsolidatedMember
=GROUP(BSchKol*+BSchVob*+BSchTbw*+BSchFlk*+BSchOpp*+BSchSal*+BSchOvs*+BSchSlc*);Kortlopende overige schulden;jenv-bw2-i_PayablesOtherCurrent;jenv-bw2-dm:CommercialMember;jenv-bw2-dm:SeparateMember
=GROUP(BSchKol*+BSchVob*+BSchTbw*+BSchFlk*+BSchOpp*+BSchSal*+BSchOvs*+BSchSlc*);Kortlopende overige schulden;jenv-bw2-i_PayablesOtherCurrent;jenv-bw2-dm:CommercialMember;bzk-ww-dm:CompoundNonDAEBActivitiesMember
=GROUP(BSchKol*+BSchVob*+BSchTbw*+BSchFlk*+BSchOpp*+BSchSal*+BSchOvs*+BSchSlc*);Kortlopende overige schulden;jenv-bw2-i_PayablesOtherCurrent;jenv-bw2-dm:CommercialMember;bzk-ww-dm:NonDAEBActivitiesMember
=GROUP(BSchOpa*+BSchTus*);Kortlopende overlopende passiva;jenv-bw2-i_AccrualsAndDeferredIncomeCurrent;jenv-bw2-dm:CommercialMember;bzk-ww-dm:DAEBActivitiesMember
=GROUP(BSchOpa*+BSchTus*);Kortlopende overlopende passiva;jenv-bw2-i_AccrualsAndDeferredIncomeCurrent;jenv-bw2-dm:CommercialMember;jenv-bw2-dm:ConsolidatedMember
=GROUP(BSchOpa*+BSchTus*);Kortlopende overlopende passiva;jenv-bw2-i_AccrualsAndDeferredIncomeCurrent;jenv-bw2-dm:CommercialMember;jenv-bw2-dm:SeparateMember
=GROUP(BSchOpa*+BSchTus*);Kortlopende overlopende passiva;jenv-bw2-i_AccrualsAndDeferredIncomeCurrent;jenv-bw2-dm:CommercialMember;bzk-ww-dm:CompoundNonDAEBActivitiesMember
=GROUP(BSchOpa*+BSchTus*);Kortlopende overlopende passiva;jenv-bw2-i_AccrualsAndDeferredIncomeCurrent;jenv-bw2-dm:CommercialMember;bzk-ww-dm:NonDAEBActivitiesMember
=GROUP(BSchSag*+BSchSap*);Kortlopende schulden aan rechtspersonen en vennootschappen die een deelneming hebben in de rechtspersoon of waarin de rechtspersoon een deelneming heeft;jenv-bw2-i_PayablesShareholdersParticipatingInterestsCurrent;jenv-bw2-dm:CommercialMember;bzk-ww-dm:DAEBActivitiesMember
=GROUP(BSchSag*+BSchSap*);Kortlopende schulden aan rechtspersonen en vennootschappen die een deelneming hebben in de rechtspersoon of waarin de rechtspersoon een deelneming heeft;jenv-bw2-i_PayablesShareholdersParticipatingInterestsCurrent;jenv-bw2-dm:CommercialMember;jenv-bw2-dm:ConsolidatedMember
=GROUP(BSchSag*+BSchSap*);Kortlopende schulden aan rechtspersonen en vennootschappen die een deelneming hebben in de rechtspersoon of waarin de rechtspersoon een deelneming heeft;jenv-bw2-i_PayablesShareholdersParticipatingInterestsCurrent;jenv-bw2-dm:CommercialMember;bzk-ww-dm:CompoundNonDAEBActivitiesMember
=GROUP(BSchSag*+BSchSap*);Kortlopende schulden aan rechtspersonen en vennootschappen die een deelneming hebben in de rechtspersoon of waarin de rechtspersoon een deelneming heeft;jenv-bw2-i_PayablesShareholdersParticipatingInterestsCurrent;jenv-bw2-dm:CommercialMember;bzk-ww-dm:NonDAEBActivitiesMember
=GROUP(BSchSak*+BSchAos*);Kortlopende schulden aan banken;jenv-bw2-i_PayablesBanksCurrent;jenv-bw2-dm:CommercialMember;bzk-ww-dm:DAEBActivitiesMember
=GROUP(BSchSak*+BSchAos*);Kortlopende schulden aan banken;jenv-bw2-i_PayablesBanksCurrent;jenv-bw2-dm:CommercialMember;jenv-bw2-dm:ConsolidatedMember
=GROUP(BSchSak*+BSchAos*);Kortlopende schulden aan banken;jenv-bw2-i_PayablesBanksCurrent;jenv-bw2-dm:CommercialMember;jenv-bw2-dm:SeparateMember
=GROUP(BSchSak*+BSchAos*);Kortlopende schulden aan banken;jenv-bw2-i_PayablesBanksCurrent;jenv-bw2-dm:CommercialMember;bzk-ww-dm:CompoundNonDAEBActivitiesMember
=GROUP(BSchSak*+BSchAos*);Kortlopende schulden aan banken;jenv-bw2-i_PayablesBanksCurrent;jenv-bw2-dm:CommercialMember;bzk-ww-dm:NonDAEBActivitiesMember
=GROUP(BSchShb*+BSchBep*+BSchStz*);Schulden ter zake van belastingen, premies van sociale verzekeringen en pensioenen;bzk-ww-i_TaxesSocialSecurityContributionsPensionsPayableCurrent;jenv-bw2-dm:CommercialMember;bzk-ww-dm:DAEBActivitiesMember
=GROUP(BSchShb*+BSchBep*+BSchStz*);Schulden ter zake van belastingen, premies van sociale verzekeringen en pensioenen;bzk-ww-i_TaxesSocialSecurityContributionsPensionsPayableCurrent;jenv-bw2-dm:CommercialMember;jenv-bw2-dm:ConsolidatedMember
=GROUP(BSchShb*+BSchBep*+BSchStz*);Schulden ter zake van belastingen, premies van sociale verzekeringen en pensioenen;bzk-ww-i_TaxesSocialSecurityContributionsPensionsPayableCurrent;jenv-bw2-dm:CommercialMember;jenv-bw2-dm:SeparateMember
=GROUP(BSchShb*+BSchBep*+BSchStz*);Schulden ter zake van belastingen, premies van sociale verzekeringen en pensioenen;bzk-ww-i_TaxesSocialSecurityContributionsPensionsPayableCurrent;jenv-bw2-dm:CommercialMember;bzk-ww-dm:CompoundNonDAEBActivitiesMember
=GROUP(BSchShb*+BSchBep*+BSchStz*);Schulden ter zake van belastingen, premies van sociale verzekeringen en pensioenen;bzk-ww-i_TaxesSocialSecurityContributionsPensionsPayableCurrent;jenv-bw2-dm:CommercialMember;bzk-ww-dm:NonDAEBActivitiesMember
=GROUP(BVorOva*+BVorTus*);Overlopende activa;jenv-bw2-i_AccruedIncome;jenv-bw2-dm:CommercialMember;bzk-ww-dm:DAEBActivitiesMember
=GROUP(BVorOva*+BVorTus*);Overlopende activa;jenv-bw2-i_AccruedIncome;jenv-bw2-dm:CommercialMember;jenv-bw2-dm:ConsolidatedMember
=GROUP(BVorOva*+BVorTus*);Overlopende activa;jenv-bw2-i_AccruedIncome;jenv-bw2-dm:CommercialMember;jenv-bw2-dm:SeparateMember
=GROUP(BVorOva*+BVorTus*);Overlopende activa;jenv-bw2-i_AccruedIncome;jenv-bw2-dm:CommercialMember;bzk-ww-dm:CompoundNonDAEBActivitiesMember
=GROUP(BVorOva*+BVorTus*);Overlopende activa;jenv-bw2-i_AccruedIncome;jenv-bw2-dm:CommercialMember;bzk-ww-dm:NonDAEBActivitiesMember
=GROUP(BVorVog*+BVorVop*);Kortlopende vorderingen op andere rechtspersonen en vennootschappen die een deelneming hebben in de rechtspersoon of waarin de rechtspersoon een deelneming heeft;jenv-bw2-i_ReceivablesShareholdersParticipatingInterestsCurrent;jenv-bw2-dm:CommercialMember;bzk-ww-dm:DAEBActivitiesMember
=GROUP(BVorVog*+BVorVop*);Kortlopende vorderingen op andere rechtspersonen en vennootschappen die een deelneming hebben in de rechtspersoon of waarin de rechtspersoon een deelneming heeft;jenv-bw2-i_ReceivablesShareholdersParticipatingInterestsCurrent;jenv-bw2-dm:CommercialMember;jenv-bw2-dm:ConsolidatedMember
=GROUP(BVorVog*+BVorVop*);Kortlopende vorderingen op andere rechtspersonen en vennootschappen die een deelneming hebben in de rechtspersoon of waarin de rechtspersoon een deelneming heeft;jenv-bw2-i_ReceivablesShareholdersParticipatingInterestsCurrent;jenv-bw2-dm:CommercialMember;bzk-ww-dm:CompoundNonDAEBActivitiesMember
=GROUP(BVorVog*+BVorVop*);Kortlopende vorderingen op andere rechtspersonen en vennootschappen die een deelneming hebben in de rechtspersoon of waarin de rechtspersoon een deelneming heeft;jenv-bw2-i_ReceivablesShareholdersParticipatingInterestsCurrent;jenv-bw2-dm:CommercialMember;bzk-ww-dm:NonDAEBActivitiesMember
=GROUP(BVorVov*+BVorVlc*+BVorVao*+BVorTsk*+BVorVpk*+BVorOvr*);Kortlopende overige vorderingen;jenv-bw2-i_ReceivablesOtherCurrent;jenv-bw2-dm:CommercialMember;bzk-ww-dm:DAEBActivitiesMember
=GROUP(BVorVov*+BVorVlc*+BVorVao*+BVorTsk*+BVorVpk*+BVorOvr*);Kortlopende overige vorderingen;jenv-bw2-i_ReceivablesOtherCurrent;jenv-bw2-dm:CommercialMember;jenv-bw2-dm:ConsolidatedMember
=GROUP(BVorVov*+BVorVlc*+BVorVao*+BVorTsk*+BVorVpk*+BVorOvr*);Kortlopende overige vorderingen;jenv-bw2-i_ReceivablesOtherCurrent;jenv-bw2-dm:CommercialMember;jenv-bw2-dm:SeparateMember
=GROUP(BVorVov*+BVorVlc*+BVorVao*+BVorTsk*+BVorVpk*+BVorOvr*);Kortlopende overige vorderingen;jenv-bw2-i_ReceivablesOtherCurrent;jenv-bw2-dm:CommercialMember;bzk-ww-dm:CompoundNonDAEBActivitiesMember
=GROUP(BVorVov*+BVorVlc*+BVorVao*+BVorTsk*+BVorVpk*+BVorOvr*);Kortlopende overige vorderingen;jenv-bw2-i_ReceivablesOtherCurrent;jenv-bw2-dm:CommercialMember;bzk-ww-dm:NonDAEBActivitiesMember
=GROUP(BVrd*+BPro*+BVor*+Beff*+BLim*);Vlottende activa;jenv-bw2-i_AssetsCurrent;jenv-bw2-dm:CommercialMember;bzk-ww-dm:DAEBActivitiesMember
=GROUP(BVrd*+BPro*+BVor*+Beff*+BLim*);Vlottende activa;jenv-bw2-i_AssetsCurrent;jenv-bw2-dm:CommercialMember;jenv-bw2-dm:ConsolidatedMember
=GROUP(BVrd*+BPro*+BVor*+Beff*+BLim*);Vlottende activa;jenv-bw2-i_AssetsCurrent;jenv-bw2-dm:CommercialMember;jenv-bw2-dm:SeparateMember
=GROUP(BVrd*+BPro*+BVor*+Beff*+BLim*);Vlottende activa;jenv-bw2-i_AssetsCurrent;jenv-bw2-dm:CommercialMember;bzk-ww-dm:CompoundNonDAEBActivitiesMember
=GROUP(BVrd*+BPro*+BVor*+Beff*+BLim*);Vlottende activa;jenv-bw2-i_AssetsCurrent;jenv-bw2-dm:CommercialMember;bzk-ww-dm:NonDAEBActivitiesMember
=GROUP(BVrd*-BVrdVas*);Overige voorraden;bzk-ww-i_InventoriesOther;jenv-bw2-dm:CommercialMember;bzk-ww-dm:DAEBActivitiesMember
=GROUP(BVrd*-BVrdVas*);Overige voorraden;bzk-ww-i_InventoriesOther;jenv-bw2-dm:CommercialMember;jenv-bw2-dm:ConsolidatedMember
=GROUP(BVrd*-BVrdVas*);Overige voorraden;bzk-ww-i_InventoriesOther;jenv-bw2-dm:CommercialMember;jenv-bw2-dm:SeparateMember
=GROUP(BVrd*-BVrdVas*);Overige voorraden;bzk-ww-i_InventoriesOther;jenv-bw2-dm:CommercialMember;bzk-ww-dm:CompoundNonDAEBActivitiesMember
=GROUP(BVrd*-BVrdVas*);Overige voorraden;bzk-ww-i_InventoriesOther;jenv-bw2-dm:CommercialMember;bzk-ww-dm:NonDAEBActivitiesMember
=GROUP(BVrdVas*-BVrdVasVio*);Vastgoed bestemd voor de verkoop;bzk-ww-i_RealEstateForSale;jenv-bw2-dm:CommercialMember;jenv-bw2-dm:ConsolidatedMember
=GROUP(BVrdVas*-BVrdVasVio*);Vastgoed bestemd voor de verkoop;bzk-ww-i_RealEstateForSale;jenv-bw2-dm:CommercialMember;jenv-bw2-dm:SeparateMember
=GROUP(BVrdVas*-BVrdVasVio*);Vastgoed bestemd voor de verkoop;bzk-ww-i_RealEstateForSale;jenv-bw2-dm:CommercialMember;bzk-ww-dm:CompoundNonDAEBActivitiesMember
=GROUP(BVrdVas*-BVrdVasVio*);Vastgoed bestemd voor de verkoop;bzk-ww-i_RealEstateForSale;jenv-bw2-dm:CommercialMember;bzk-ww-dm:NonDAEBActivitiesMember
=GROUP(BVrzVvp*+BVrzVvbVvb*+BVrzOvz*);Overige voorzieningen;jenv-bw2-i_ProvisionsOther;jenv-bw2-dm:CommercialMember;bzk-ww-dm:DAEBActivitiesMember
=GROUP(BVrzVvp*+BVrzVvbVvb*+BVrzOvz*);Overige voorzieningen;jenv-bw2-i_ProvisionsOther;jenv-bw2-dm:CommercialMember;jenv-bw2-dm:ConsolidatedMember
=GROUP(BVrzVvp*+BVrzVvbVvb*+BVrzOvz*);Overige voorzieningen;jenv-bw2-i_ProvisionsOther;jenv-bw2-dm:CommercialMember;jenv-bw2-dm:SeparateMember
=GROUP(BVrzVvp*+BVrzVvbVvb*+BVrzOvz*);Overige voorzieningen;jenv-bw2-i_ProvisionsOther;jenv-bw2-dm:CommercialMember;bzk-ww-dm:CompoundNonDAEBActivitiesMember
=GROUP(BVrzVvp*+BVrzVvbVvb*+BVrzOvz*);Overige voorzieningen;jenv-bw2-i_ProvisionsOther;jenv-bw2-dm:CommercialMember;bzk-ww-dm:NonDAEBActivitiesMember
=GROUP(WFbe*+WOvt*+WWfa*);Financiële baten en lasten;rj-i_FinancialIncomeExpenses;jenv-bw2-dm:CommercialMember;bzk-ww-dm:DAEBActivitiesMember
=GROUP(WFbe*+WOvt*+WWfa*);Financiële baten en lasten;rj-i_FinancialIncomeExpenses;jenv-bw2-dm:CommercialMember;jenv-bw2-dm:ConsolidatedMember
=GROUP(WFbe*+WOvt*+WWfa*);Financiële baten en lasten;rj-i_FinancialIncomeExpenses;jenv-bw2-dm:CommercialMember;jenv-bw2-dm:SeparateMember
=GROUP(WFbe*+WOvt*+WWfa*);Financiële baten en lasten;rj-i_FinancialIncomeExpenses;jenv-bw2-dm:CommercialMember;bzk-ww-dm:CompoundNonDAEBActivitiesMember
=GROUP(WFbe*+WOvt*+WWfa*);Financiële baten en lasten;rj-i_FinancialIncomeExpenses;jenv-bw2-dm:CommercialMember;bzk-ww-dm:NonDAEBActivitiesMember
=GROUP(WFbeRlm*+WFbeOnn*+WFbeWnn*+WFbePol*+WFbePhp*);Overige rentebaten en soortgelijke opbrengsten;jenv-bw2-i_InterestIncomeRelatedIncome;jenv-bw2-dm:CommercialMember;bzk-ww-dm:DAEBActivitiesMember
=GROUP(WFbeRlm*+WFbeOnn*+WFbeWnn*+WFbePol*+WFbePhp*);Overige rentebaten en soortgelijke opbrengsten;jenv-bw2-i_InterestIncomeRelatedIncome;jenv-bw2-dm:CommercialMember;jenv-bw2-dm:ConsolidatedMember
=GROUP(WFbeRlm*+WFbeOnn*+WFbeWnn*+WFbePol*+WFbePhp*);Overige rentebaten en soortgelijke opbrengsten;jenv-bw2-i_InterestIncomeRelatedIncome;jenv-bw2-dm:CommercialMember;jenv-bw2-dm:SeparateMember
=GROUP(WFbeRlm*+WFbeOnn*+WFbeWnn*+WFbePol*+WFbePhp*);Overige rentebaten en soortgelijke opbrengsten;jenv-bw2-i_InterestIncomeRelatedIncome;jenv-bw2-dm:CommercialMember;bzk-ww-dm:CompoundNonDAEBActivitiesMember
=GROUP(WFbeRlm*+WFbeOnn*+WFbeWnn*+WFbePol*+WFbePhp*);Overige rentebaten en soortgelijke opbrengsten;jenv-bw2-i_InterestIncomeRelatedIncome;jenv-bw2-dm:CommercialMember;bzk-ww-dm:NonDAEBActivitiesMember
=GROUP(WFbeRls*+WFbeOrl*+WFbeKvb*+WFbeKba*+WFbeDer*+WFbeDfb*+WFbeAad*+WFbeNol*+WFbeDfb*+WFbeNhp*+WFbeAlp*+WFbeEmk*+WFbeKva*+WFbeBkf*+WFbeVlr*+WFbeRfl*);Rentelasten en soortgelijke kosten;jenv-bw2-i_InterestExpensesRelatedExpenses;jenv-bw2-dm:CommercialMember;bzk-ww-dm:DAEBActivitiesMember
=GROUP(WFbeRls*+WFbeOrl*+WFbeKvb*+WFbeKba*+WFbeDer*+WFbeDfb*+WFbeAad*+WFbeNol*+WFbeDfb*+WFbeNhp*+WFbeAlp*+WFbeEmk*+WFbeKva*+WFbeBkf*+WFbeVlr*+WFbeRfl*);Rentelasten en soortgelijke kosten;jenv-bw2-i_InterestExpensesRelatedExpenses;jenv-bw2-dm:CommercialMember;jenv-bw2-dm:ConsolidatedMember
=GROUP(WFbeRls*+WFbeOrl*+WFbeKvb*+WFbeKba*+WFbeDer*+WFbeDfb*+WFbeAad*+WFbeNol*+WFbeDfb*+WFbeNhp*+WFbeAlp*+WFbeEmk*+WFbeKva*+WFbeBkf*+WFbeVlr*+WFbeRfl*);Rentelasten en soortgelijke kosten;jenv-bw2-i_InterestExpensesRelatedExpenses;jenv-bw2-dm:CommercialMember;jenv-bw2-dm:SeparateMember
=GROUP(WFbeRls*+WFbeOrl*+WFbeKvb*+WFbeKba*+WFbeDer*+WFbeDfb*+WFbeAad*+WFbeNol*+WFbeDfb*+WFbeNhp*+WFbeAlp*+WFbeEmk*+WFbeKva*+WFbeBkf*+WFbeVlr*+WFbeRfl*);Rentelasten en soortgelijke kosten;jenv-bw2-i_InterestExpensesRelatedExpenses;jenv-bw2-dm:CommercialMember;bzk-ww-dm:CompoundNonDAEBActivitiesMember
=GROUP(WFbeRls*+WFbeOrl*+WFbeKvb*+WFbeKba*+WFbeDer*+WFbeDfb*+WFbeAad*+WFbeNol*+WFbeDfb*+WFbeNhp*+WFbeAlp*+WFbeEmk*+WFbeKva*+WFbeBkf*+WFbeVlr*+WFbeRfl*);Rentelasten en soortgelijke kosten;jenv-bw2-i_InterestExpensesRelatedExpenses;jenv-bw2-dm:CommercialMember;bzk-ww-dm:NonDAEBActivitiesMember
=GROUP(WNoa*+WOmz*+WWiv*+WOvb*+WKpr*);Netto resultaat overige activiteiten;bzk-ww-i_NetResultOtherActivities;jenv-bw2-dm:CommercialMember;bzk-ww-dm:DAEBActivitiesMember
=GROUP(WNoa*+WOmz*+WWiv*+WOvb*+WKpr*);Netto resultaat overige activiteiten;bzk-ww-i_NetResultOtherActivities;jenv-bw2-dm:CommercialMember;jenv-bw2-dm:ConsolidatedMember
=GROUP(WNoa*+WOmz*+WWiv*+WOvb*+WKpr*);Netto resultaat overige activiteiten;bzk-ww-i_NetResultOtherActivities;jenv-bw2-dm:CommercialMember;jenv-bw2-dm:SeparateMember
=GROUP(WNoa*+WOmz*+WWiv*+WOvb*+WKpr*);Netto resultaat overige activiteiten;bzk-ww-i_NetResultOtherActivities;jenv-bw2-dm:CommercialMember;bzk-ww-dm:CompoundNonDAEBActivitiesMember
=GROUP(WNoa*+WOmz*+WWiv*+WOvb*+WKpr*);Netto resultaat overige activiteiten;bzk-ww-i_NetResultOtherActivities;jenv-bw2-dm:CommercialMember;bzk-ww-dm:NonDAEBActivitiesMember
=GROUP(WNoaKoa*+WKpr*);Kosten overige activiteiten;bzk-ww-i_CostsOtherActivities;jenv-bw2-dm:CommercialMember;bzk-ww-dm:DAEBActivitiesMember
=GROUP(WNoaKoa*+WKpr*);Kosten overige activiteiten;bzk-ww-i_CostsOtherActivities;jenv-bw2-dm:CommercialMember;jenv-bw2-dm:ConsolidatedMember
=GROUP(WNoaKoa*+WKpr*);Kosten overige activiteiten;bzk-ww-i_CostsOtherActivities;jenv-bw2-dm:CommercialMember;jenv-bw2-dm:SeparateMember
=GROUP(WNoaKoa*+WKpr*);Kosten overige activiteiten;bzk-ww-i_CostsOtherActivities;jenv-bw2-dm:CommercialMember;bzk-ww-dm:CompoundNonDAEBActivitiesMember
=GROUP(WNoaKoa*+WKpr*);Kosten overige activiteiten;bzk-ww-i_CostsOtherActivities;jenv-bw2-dm:CommercialMember;bzk-ww-dm:NonDAEBActivitiesMember
=GROUP(WNoaOoa*+WOmz*+WWiv*+WOvb*);Opbrengsten overige activiteiten;bzk-ww-i_IncomeOtherActivities;jenv-bw2-dm:CommercialMember;bzk-ww-dm:DAEBActivitiesMember
=GROUP(WNoaOoa*+WOmz*+WWiv*+WOvb*);Opbrengsten overige activiteiten;bzk-ww-i_IncomeOtherActivities;jenv-bw2-dm:CommercialMember;jenv-bw2-dm:ConsolidatedMember
=GROUP(WNoaOoa*+WOmz*+WWiv*+WOvb*);Opbrengsten overige activiteiten;bzk-ww-i_IncomeOtherActivities;jenv-bw2-dm:CommercialMember;jenv-bw2-dm:SeparateMember
=GROUP(WNoaOoa*+WOmz*+WWiv*+WOvb*);Opbrengsten overige activiteiten;bzk-ww-i_IncomeOtherActivities;jenv-bw2-dm:CommercialMember;bzk-ww-dm:CompoundNonDAEBActivitiesMember
=GROUP(WNoaOoa*+WOmz*+WWiv*+WOvb*);Opbrengsten overige activiteiten;bzk-ww-i_IncomeOtherActivities;jenv-bw2-dm:CommercialMember;bzk-ww-dm:NonDAEBActivitiesMember
=GROUP(WOok*+WVkf*+WAkf*+WPer*+WAfs*+WWvi*+WBwv*+WBed*);Overige organisatiekosten;bzk-ww-i_OrganisationCostsOther;jenv-bw2-dm:CommercialMember;bzk-ww-dm:DAEBActivitiesMember
=GROUP(WOok*+WVkf*+WAkf*+WPer*+WAfs*+WWvi*+WBwv*+WBed*);Overige organisatiekosten;bzk-ww-i_OrganisationCostsOther;jenv-bw2-dm:CommercialMember;jenv-bw2-dm:ConsolidatedMember
=GROUP(WOok*+WVkf*+WAkf*+WPer*+WAfs*+WWvi*+WBwv*+WBed*);Overige organisatiekosten;bzk-ww-i_OrganisationCostsOther;jenv-bw2-dm:CommercialMember;jenv-bw2-dm:SeparateMember
=GROUP(WOok*+WVkf*+WAkf*+WPer*+WAfs*+WWvi*+WBwv*+WBed*);Overige organisatiekosten;bzk-ww-i_OrganisationCostsOther;jenv-bw2-dm:CommercialMember;bzk-ww-dm:CompoundNonDAEBActivitiesMember
=GROUP(WOok*+WVkf*+WAkf*+WPer*+WAfs*+WWvi*+WBwv*+WBed*);Overige organisatiekosten;bzk-ww-i_OrganisationCostsOther;jenv-bw2-dm:CommercialMember;bzk-ww-dm:NonDAEBActivitiesMember
=GROUP(WRev*+WRvi*+WRgr*+WWvv*+WNoa*+WOok*+WKol*)+GROUP(WOmz*+WVkf*+WAkf*+WWiv*+WKpr*+WOvb*+WPer*+WAfs*+WWvi*+WBwv*+WBed*+WVhe*)+GROUP(WFbe*+WOvt*+WWfa*);Resultaat voor belastingen;jenv-bw2-i_ResultBeforeTax;jenv-bw2-dm:CommercialMember;bzk-ww-dm:DAEBActivitiesMember
=GROUP(WRev*+WRvi*+WRgr*+WWvv*+WNoa*+WOok*+WKol*)+GROUP(WOmz*+WVkf*+WAkf*+WWiv*+WKpr*+WOvb*+WPer*+WAfs*+WWvi*+WBwv*+WBed*+WVhe*)+GROUP(WFbe*+WOvt*+WWfa*);Resultaat voor belastingen;jenv-bw2-i_ResultBeforeTax;jenv-bw2-dm:CommercialMember;jenv-bw2-dm:ConsolidatedMember
=GROUP(WRev*+WRvi*+WRgr*+WWvv*+WNoa*+WOok*+WKol*)+GROUP(WOmz*+WVkf*+WAkf*+WWiv*+WKpr*+WOvb*+WPer*+WAfs*+WWvi*+WBwv*+WBed*+WVhe*)+GROUP(WFbe*+WOvt*+WWfa*);Resultaat voor belastingen;jenv-bw2-i_ResultBeforeTax;jenv-bw2-dm:CommercialMember;jenv-bw2-dm:SeparateMember
=GROUP(WRev*+WRvi*+WRgr*+WWvv*+WNoa*+WOok*+WKol*)+GROUP(WOmz*+WVkf*+WAkf*+WWiv*+WKpr*+WOvb*+WPer*+WAfs*+WWvi*+WBwv*+WBed*+WVhe*)+GROUP(WFbe*+WOvt*+WWfa*);Resultaat voor belastingen;jenv-bw2-i_ResultBeforeTax;jenv-bw2-dm:CommercialMember;bzk-ww-dm:CompoundNonDAEBActivitiesMember
=GROUP(WRev*+WRvi*+WRgr*+WWvv*+WNoa*+WOok*+WKol*)+GROUP(WOmz*+WVkf*+WAkf*+WWiv*+WKpr*+WOvb*+WPer*+WAfs*+WWvi*+WBwv*+WBed*+WVhe*)+GROUP(WFbe*+WOvt*+WWfa*);Resultaat voor belastingen;jenv-bw2-i_ResultBeforeTax;jenv-bw2-dm:CommercialMember;bzk-ww-dm:NonDAEBActivitiesMember
=GROUP(WRev*+WRvi*+WRgr*+WWvv*+WNoa*+WOok*+WKol*)+GROUP(WOmz*+WVkf*+WAkf*+WWiv*+WKpr*+WOvb*+WPer*+WAfs*+WWvi*+WBwv*+WBed*+WVhe*)+GROUP(WFbe*+WOvt*+WWfa*)+WBel*+WRed*;Resultaat na belastingen;jenv-bw2-i_ResultAfterTax;jenv-bw2-dm:CommercialMember;bzk-ww-dm:DAEBActivitiesMember
=GROUP(WRev*+WRvi*+WRgr*+WWvv*+WNoa*+WOok*+WKol*)+GROUP(WOmz*+WVkf*+WAkf*+WWiv*+WKpr*+WOvb*+WPer*+WAfs*+WWvi*+WBwv*+WBed*+WVhe*)+GROUP(WFbe*+WOvt*+WWfa*)+WBel*+WRed*;Resultaat na belastingen;jenv-bw2-i_ResultAfterTax;jenv-bw2-dm:CommercialMember;jenv-bw2-dm:ConsolidatedMember
=GROUP(WRev*+WRvi*+WRgr*+WWvv*+WNoa*+WOok*+WKol*)+GROUP(WOmz*+WVkf*+WAkf*+WWiv*+WKpr*+WOvb*+WPer*+WAfs*+WWvi*+WBwv*+WBed*+WVhe*)+GROUP(WFbe*+WOvt*+WWfa*)+WBel*+WRed*;Resultaat na belastingen;jenv-bw2-i_ResultAfterTax;jenv-bw2-dm:CommercialMember;jenv-bw2-dm:SeparateMember
=GROUP(WRev*+WRvi*+WRgr*+WWvv*+WNoa*+WOok*+WKol*)+GROUP(WOmz*+WVkf*+WAkf*+WWiv*+WKpr*+WOvb*+WPer*+WAfs*+WWvi*+WBwv*+WBed*+WVhe*)+GROUP(WFbe*+WOvt*+WWfa*)+WBel*+WRed*;Resultaat na belastingen;jenv-bw2-i_ResultAfterTax;jenv-bw2-dm:CommercialMember;bzk-ww-dm:CompoundNonDAEBActivitiesMember
=GROUP(WRev*+WRvi*+WRgr*+WWvv*+WNoa*+WOok*+WKol*)+GROUP(WOmz*+WVkf*+WAkf*+WWiv*+WKpr*+WOvb*+WPer*+WAfs*+WWvi*+WBwv*+WBed*+WVhe*)+GROUP(WFbe*+WOvt*+WWfa*)+WBel*+WRed*;Resultaat na belastingen;jenv-bw2-i_ResultAfterTax;jenv-bw2-dm:CommercialMember;bzk-ww-dm:NonDAEBActivitiesMember
=GROUP(WRev*+WRvi*+WRgr*+WWvv*+WNoa*+WOok*+WKol*)+GROUP(WOmz*+WVkf*+WAkf*+WWiv*+WKpr*+WOvb*+WPer*+WAfs*+WWvi*+WBwv*+WBed*+WVhe*)+GROUP(WFbe*+WOvt*+WWfa*)+WBel*+WRed*+WAad*;Nettoresultaat na belastingen toekomend aan de rechtspersoon;jenv-bw2-i_NetResultAfterTax;jenv-bw2-dm:CommercialMember;jenv-bw2-dm:ConsolidatedMember
=GROUP(WRev*+WRvi*+WRgr*+WWvv*+WNoa*+WOok*+WKol*)+GROUP(WOmz*+WVkf*+WAkf*+WWiv*+WKpr*+WOvb*+WPer*+WAfs*+WWvi*+WBwv*+WBed*+WVhe*)+GROUP(WFbe*+WOvt*+WWfa*)+WBel*+WRed*+WAad*;Nettoresultaat na belastingen toekomend aan de rechtspersoon;jenv-bw2-i_NetResultAfterTax;jenv-bw2-dm:CommercialMember;bzk-ww-dm:CompoundNonDAEBActivitiesMember
=GROUP(WRevOolOolBhf+WRevOolOolVhf+WOokOokBhf);Overige sectorspecifieke heffingen;bzk-ww-i_OtherSectorSpecificCharges;jenv-bw2-dm:CommercialMember;bzk-ww-dm:DAEBActivitiesMember
=GROUP(WRevOolOolBhf+WRevOolOolVhf+WOokOokBhf);Overige sectorspecifieke heffingen;bzk-ww-i_OtherSectorSpecificCharges;jenv-bw2-dm:CommercialMember;bzk-ww-dm:CompoundNonDAEBActivitiesMember
=GROUP(WRevOolOolBhf+WRevOolOolVhf+WOokOokBhf);Overige sectorspecifieke heffingen;bzk-ww-i_OtherSectorSpecificCharges;jenv-bw2-dm:CommercialMember;bzk-ww-dm:NonDAEBActivitiesMember
=GROUP(WRevOolOolShf+WOokOokShf);Saneringsheffing;bzk-ww-i_RemediationLevy;jenv-bw2-dm:CommercialMember;bzk-ww-dm:DAEBActivitiesMember
=GROUP(WRevOolOolShf+WOokOokShf);Saneringsheffing;bzk-ww-i_RemediationLevy;jenv-bw2-dm:CommercialMember;bzk-ww-dm:CompoundNonDAEBActivitiesMember
=GROUP(WRevOolOolShf+WOokOokShf);Saneringsheffing;bzk-ww-i_RemediationLevy;jenv-bw2-dm:CommercialMember;bzk-ww-dm:NonDAEBActivitiesMember
=GROUP(WRevOolOolShf+WOokOokShf)+WOokOokOhf+GROUP(WRevOolOolBhf+WRevOolOolVhf+WOokOokBhf);Sectorspecifieke heffing onafhankelijk van resultaat;bzk-ww-i_SectorSpecificLevyIndependentOfResult;jenv-bw2-dm:CommercialMember;bzk-ww-dm:DAEBActivitiesMember
=GROUP(WRevOolOolShf+WOokOokShf)+WOokOokOhf+GROUP(WRevOolOolBhf+WRevOolOolVhf+WOokOokBhf);Sectorspecifieke heffing onafhankelijk van resultaat;bzk-ww-i_SectorSpecificLevyIndependentOfResult;jenv-bw2-dm:CommercialMember;bzk-ww-dm:CompoundNonDAEBActivitiesMember
=GROUP(WRevOolOolShf+WOokOokShf)+WOokOokOhf+GROUP(WRevOolOolBhf+WRevOolOolVhf+WOokOokBhf);Sectorspecifieke heffing onafhankelijk van resultaat;bzk-ww-i_SectorSpecificLevyIndependentOfResult;jenv-bw2-dm:CommercialMember;bzk-ww-dm:NonDAEBActivitiesMember
=GROUP(WRgrOvp*+WRgrDkv*);Verkoopopbrengst vastgoedportefeuille;bzk-ww-i_SalesIncomeRealEstatePortfolio;jenv-bw2-dm:CommercialMember;bzk-ww-dm:DAEBActivitiesMember
=GROUP(WRgrOvp*+WRgrDkv*);Verkoopopbrengst vastgoedportefeuille;bzk-ww-i_SalesIncomeRealEstatePortfolio;jenv-bw2-dm:CommercialMember;jenv-bw2-dm:ConsolidatedMember
=GROUP(WRgrOvp*+WRgrDkv*);Verkoopopbrengst vastgoedportefeuille;bzk-ww-i_SalesIncomeRealEstatePortfolio;jenv-bw2-dm:CommercialMember;jenv-bw2-dm:SeparateMember
=GROUP(WRgrOvp*+WRgrDkv*);Verkoopopbrengst vastgoedportefeuille;bzk-ww-i_SalesIncomeRealEstatePortfolio;jenv-bw2-dm:CommercialMember;bzk-ww-dm:CompoundNonDAEBActivitiesMember
=GROUP(WRgrOvp*+WRgrDkv*);Verkoopopbrengst vastgoedportefeuille;bzk-ww-i_SalesIncomeRealEstatePortfolio;jenv-bw2-dm:CommercialMember;bzk-ww-dm:NonDAEBActivitiesMember
BEga*;Egalisatierekening;rj-i_EqualisationAccount;jenv-bw2-dm:CommercialMember;bzk-ww-dm:DAEBActivitiesMember
BEga*;Egalisatierekening;rj-i_EqualisationAccount;jenv-bw2-dm:CommercialMember;jenv-bw2-dm:ConsolidatedMember
BEga*;Egalisatierekening;rj-i_EqualisationAccount;jenv-bw2-dm:CommercialMember;jenv-bw2-dm:SeparateMember
BEga*;Egalisatierekening;rj-i_EqualisationAccount;jenv-bw2-dm:CommercialMember;bzk-ww-dm:CompoundNonDAEBActivitiesMember
BEga*;Egalisatierekening;rj-i_EqualisationAccount;jenv-bw2-dm:CommercialMember;bzk-ww-dm:NonDAEBActivitiesMember
BEiv*;Eigen vermogen;jenv-bw2-i_Equity;jenv-bw2-dm:CommercialMember;bzk-ww-dm:DAEBActivitiesMember
BEiv*;Groepsvermogen;jenv-bw2-i_EquityGroup;jenv-bw2-dm:CommercialMember;jenv-bw2-dm:ConsolidatedMember
BEiv*;Eigen vermogen;jenv-bw2-i_Equity;jenv-bw2-dm:CommercialMember;jenv-bw2-dm:SeparateMember
BEiv*;Groepsvermogen;jenv-bw2-i_EquityGroup;jenv-bw2-dm:CommercialMember;bzk-ww-dm:CompoundNonDAEBActivitiesMember
BEiv*;Eigen vermogen;jenv-bw2-i_Equity;jenv-bw2-dm:CommercialMember;bzk-ww-dm:NonDAEBActivitiesMember
BEivAvd*;Aandeel van derden in groepsmaatschappijen;jenv-bw2-i_NoncontrollingInterest;jenv-bw2-dm:CommercialMember;jenv-bw2-dm:ConsolidatedMember
BEivAvd*;Aandeel van derden in groepsmaatschappijen;jenv-bw2-i_NoncontrollingInterest;jenv-bw2-dm:CommercialMember;bzk-ww-dm:CompoundNonDAEBActivitiesMember
BEivHer*;Herwaarderingsreserves;jenv-bw2-i_RevaluationReserve;jenv-bw2-dm:CommercialMember;bzk-ww-dm:DAEBActivitiesMember
BEivHer*;Herwaarderingsreserves;jenv-bw2-i_RevaluationReserve;jenv-bw2-dm:CommercialMember;jenv-bw2-dm:SeparateMember
BEivHer*;Herwaarderingsreserves;jenv-bw2-i_RevaluationReserve;jenv-bw2-dm:CommercialMember;bzk-ww-dm:NonDAEBActivitiesMember
BEivOreRvh*;Resultaat na belastingen van het boekjaar;jenv-bw2-i_ResultForTheYear;jenv-bw2-dm:CommercialMember;bzk-ww-dm:DAEBActivitiesMember
BEivOreRvh*;Resultaat na belastingen van het boekjaar;jenv-bw2-i_ResultForTheYear;jenv-bw2-dm:CommercialMember;jenv-bw2-dm:SeparateMember
BEivOreRvh*;Resultaat na belastingen van het boekjaar;jenv-bw2-i_ResultForTheYear;jenv-bw2-dm:CommercialMember;bzk-ww-dm:NonDAEBActivitiesMember
BEivOvr*;Overige reserves;jenv-bw2-i_ReservesOther;jenv-bw2-dm:CommercialMember;jenv-bw2-dm:SeparateMember
BFva*;Financiële vaste activa;jenv-bw2-i_FinancialAssets;jenv-bw2-dm:CommercialMember;bzk-ww-dm:DAEBActivitiesMember
BFva*;Financiële vaste activa;jenv-bw2-i_FinancialAssets;jenv-bw2-dm:CommercialMember;jenv-bw2-dm:ConsolidatedMember
BFva*;Financiële vaste activa;jenv-bw2-i_FinancialAssets;jenv-bw2-dm:CommercialMember;jenv-bw2-dm:SeparateMember
BFva*;Financiële vaste activa;jenv-bw2-i_FinancialAssets;jenv-bw2-dm:CommercialMember;bzk-ww-dm:CompoundNonDAEBActivitiesMember
BFva*;Financiële vaste activa;jenv-bw2-i_FinancialAssets;jenv-bw2-dm:CommercialMember;bzk-ww-dm:NonDAEBActivitiesMember
BFvaAnd*;Andere deelnemingen;jenv-bw2-i_InvestmentsInParticipatingInterestsOther;jenv-bw2-dm:CommercialMember;jenv-bw2-dm:SeparateMember
BFvaLbv*;Langlopende latente belastingvorderingen;rj-i_DeferredTaxAssetsNoncurrent;jenv-bw2-dm:CommercialMember;bzk-ww-dm:DAEBActivitiesMember
BFvaLbv*;Langlopende latente belastingvorderingen;rj-i_DeferredTaxAssetsNoncurrent;jenv-bw2-dm:CommercialMember;jenv-bw2-dm:ConsolidatedMember
BFvaLbv*;Langlopende latente belastingvorderingen;rj-i_DeferredTaxAssetsNoncurrent;jenv-bw2-dm:CommercialMember;jenv-bw2-dm:SeparateMember
BFvaLbv*;Langlopende latente belastingvorderingen;rj-i_DeferredTaxAssetsNoncurrent;jenv-bw2-dm:CommercialMember;bzk-ww-dm:CompoundNonDAEBActivitiesMember
BFvaLbv*;Langlopende latente belastingvorderingen;rj-i_DeferredTaxAssetsNoncurrent;jenv-bw2-dm:CommercialMember;bzk-ww-dm:NonDAEBActivitiesMember
BFvaLen*;Leningen u/g;bzk-ww-i_LoansGranted;jenv-bw2-dm:CommercialMember;bzk-ww-dm:DAEBActivitiesMember
BFvaLen*;Leningen u/g;bzk-ww-i_LoansGranted;jenv-bw2-dm:CommercialMember;jenv-bw2-dm:ConsolidatedMember
BFvaLen*;Leningen u/g;bzk-ww-i_LoansGranted;jenv-bw2-dm:CommercialMember;jenv-bw2-dm:SeparateMember
BFvaLen*;Leningen u/g;bzk-ww-i_LoansGranted;jenv-bw2-dm:CommercialMember;bzk-ww-dm:CompoundNonDAEBActivitiesMember
BFvaLen*;Leningen u/g;bzk-ww-i_LoansGranted;jenv-bw2-dm:CommercialMember;bzk-ww-dm:NonDAEBActivitiesMember
BFvaOve*;Langlopende overige effecten;jenv-bw2-i_SecuritiesOtherNoncurrent;jenv-bw2-dm:CommercialMember;bzk-ww-dm:DAEBActivitiesMember
BFvaOve*;Langlopende overige effecten;jenv-bw2-i_SecuritiesOtherNoncurrent;jenv-bw2-dm:CommercialMember;jenv-bw2-dm:ConsolidatedMember
BFvaOve*;Langlopende overige effecten;jenv-bw2-i_SecuritiesOtherNoncurrent;jenv-bw2-dm:CommercialMember;jenv-bw2-dm:SeparateMember
BFvaOve*;Langlopende overige effecten;jenv-bw2-i_SecuritiesOtherNoncurrent;jenv-bw2-dm:CommercialMember;bzk-ww-dm:CompoundNonDAEBActivitiesMember
BFvaOve*;Langlopende overige effecten;jenv-bw2-i_SecuritiesOtherNoncurrent;jenv-bw2-dm:CommercialMember;bzk-ww-dm:NonDAEBActivitiesMember
BFvaVog*;Langlopende vorderingen op groepsmaatschappijen;jenv-bw2-i_ReceivablesGroupCompaniesNoncurrent;jenv-bw2-dm:CommercialMember;bzk-ww-dm:DAEBActivitiesMember
BFvaVog*;Langlopende vorderingen op groepsmaatschappijen;jenv-bw2-i_ReceivablesGroupCompaniesNoncurrent;jenv-bw2-dm:CommercialMember;jenv-bw2-dm:SeparateMember
BFvaVog*;Langlopende vorderingen op groepsmaatschappijen;jenv-bw2-i_ReceivablesGroupCompaniesNoncurrent;jenv-bw2-dm:CommercialMember;bzk-ww-dm:NonDAEBActivitiesMember
BFvaVop*;Langlopende vorderingen op andere rechtspersonen en vennootschappen die een deelneming hebben in de rechtspersoon of waarin de rechtspersoon een deelneming heeft;jenv-bw2-i_ReceivablesShareholdersParticipatingInterestsNoncurrent;jenv-bw2-dm:CommercialMember;jenv-bw2-dm:SeparateMember
BIva*;Immateriële vaste activa;jenv-bw2-i_IntangibleAssets;jenv-bw2-dm:CommercialMember;bzk-ww-dm:DAEBActivitiesMember
BIva*;Immateriële vaste activa;jenv-bw2-i_IntangibleAssets;jenv-bw2-dm:CommercialMember;jenv-bw2-dm:ConsolidatedMember
BIva*;Immateriële vaste activa;jenv-bw2-i_IntangibleAssets;jenv-bw2-dm:CommercialMember;jenv-bw2-dm:SeparateMember
BIva*;Immateriële vaste activa;jenv-bw2-i_IntangibleAssets;jenv-bw2-dm:CommercialMember;bzk-ww-dm:CompoundNonDAEBActivitiesMember
BIva*;Immateriële vaste activa;jenv-bw2-i_IntangibleAssets;jenv-bw2-dm:CommercialMember;bzk-ww-dm:NonDAEBActivitiesMember
BLas*;Langlopende schulden;jenv-bw2-i_LiabilitiesNoncurrent;jenv-bw2-dm:CommercialMember;bzk-ww-dm:DAEBActivitiesMember
BLas*;Langlopende schulden;jenv-bw2-i_LiabilitiesNoncurrent;jenv-bw2-dm:CommercialMember;jenv-bw2-dm:ConsolidatedMember
BLas*;Langlopende schulden;jenv-bw2-i_LiabilitiesNoncurrent;jenv-bw2-dm:CommercialMember;jenv-bw2-dm:SeparateMember
BLas*;Langlopende schulden;jenv-bw2-i_LiabilitiesNoncurrent;jenv-bw2-dm:CommercialMember;bzk-ww-dm:CompoundNonDAEBActivitiesMember
BLas*;Langlopende schulden;jenv-bw2-i_LiabilitiesNoncurrent;jenv-bw2-dm:CommercialMember;bzk-ww-dm:NonDAEBActivitiesMember
BLasSag*;Langlopende schulden aan groepsmaatschappijen;jenv-bw2-i_PayablesGroupCompaniesNoncurrent;jenv-bw2-dm:CommercialMember;bzk-ww-dm:DAEBActivitiesMember
BLasSag*;Langlopende schulden aan groepsmaatschappijen;jenv-bw2-i_PayablesGroupCompaniesNoncurrent;jenv-bw2-dm:CommercialMember;jenv-bw2-dm:SeparateMember
BLasSag*;Langlopende schulden aan groepsmaatschappijen;jenv-bw2-i_PayablesGroupCompaniesNoncurrent;jenv-bw2-dm:CommercialMember;bzk-ww-dm:NonDAEBActivitiesMember
BLasSak*;Langlopende schulden aan banken;jenv-bw2-i_PayablesBanksNoncurrent;jenv-bw2-dm:CommercialMember;bzk-ww-dm:DAEBActivitiesMember
BLasSak*;Langlopende schulden aan banken;jenv-bw2-i_PayablesBanksNoncurrent;jenv-bw2-dm:CommercialMember;jenv-bw2-dm:ConsolidatedMember
BLasSak*;Langlopende schulden aan banken;jenv-bw2-i_PayablesBanksNoncurrent;jenv-bw2-dm:CommercialMember;jenv-bw2-dm:SeparateMember
BLasSak*;Langlopende schulden aan banken;jenv-bw2-i_PayablesBanksNoncurrent;jenv-bw2-dm:CommercialMember;bzk-ww-dm:CompoundNonDAEBActivitiesMember
BLasSak*;Langlopende schulden aan banken;jenv-bw2-i_PayablesBanksNoncurrent;jenv-bw2-dm:CommercialMember;bzk-ww-dm:NonDAEBActivitiesMember
BLasSoh*;Langlopende schulden aan overheid;bzk-ww-i_PayablesGovernmentNoncurrent;jenv-bw2-dm:CommercialMember;bzk-ww-dm:DAEBActivitiesMember
BLasSoh*;Langlopende schulden aan overheid;bzk-ww-i_PayablesGovernmentNoncurrent;jenv-bw2-dm:CommercialMember;jenv-bw2-dm:ConsolidatedMember
BLasSoh*;Langlopende schulden aan overheid;bzk-ww-i_PayablesGovernmentNoncurrent;jenv-bw2-dm:CommercialMember;jenv-bw2-dm:SeparateMember
BLasSoh*;Langlopende schulden aan overheid;bzk-ww-i_PayablesGovernmentNoncurrent;jenv-bw2-dm:CommercialMember;bzk-ww-dm:CompoundNonDAEBActivitiesMember
BLasSoh*;Langlopende schulden aan overheid;bzk-ww-i_PayablesGovernmentNoncurrent;jenv-bw2-dm:CommercialMember;bzk-ww-dm:NonDAEBActivitiesMember
BLasVhz*;Verplichtingen uit hoofde van onroerende zaken verkocht onder voorwaarden;rj-i_LiabilitiesFromRealEstateSoldSubjectTermsConditions;jenv-bw2-dm:CommercialMember;bzk-ww-dm:DAEBActivitiesMember
BLasVhz*;Verplichtingen uit hoofde van onroerende zaken verkocht onder voorwaarden;rj-i_LiabilitiesFromRealEstateSoldSubjectTermsConditions;jenv-bw2-dm:CommercialMember;jenv-bw2-dm:ConsolidatedMember
BLasVhz*;Verplichtingen uit hoofde van onroerende zaken verkocht onder voorwaarden;rj-i_LiabilitiesFromRealEstateSoldSubjectTermsConditions;jenv-bw2-dm:CommercialMember;jenv-bw2-dm:SeparateMember
BLasVhz*;Verplichtingen uit hoofde van onroerende zaken verkocht onder voorwaarden;rj-i_LiabilitiesFromRealEstateSoldSubjectTermsConditions;jenv-bw2-dm:CommercialMember;bzk-ww-dm:CompoundNonDAEBActivitiesMember
BLasVhz*;Verplichtingen uit hoofde van onroerende zaken verkocht onder voorwaarden;rj-i_LiabilitiesFromRealEstateSoldSubjectTermsConditions;jenv-bw2-dm:CommercialMember;bzk-ww-dm:NonDAEBActivitiesMember
BLim*;Liquide middelen;jenv-bw2-i_CashAndCashEquivalents;jenv-bw2-dm:CommercialMember;bzk-ww-dm:DAEBActivitiesMember
BLim*;Liquide middelen (kasstroom);rj-i_CashAndCashEquivalentsCashFlow;jenv-bw2-dm:CommercialMember;bzk-ww-dm:DAEBActivitiesMember
BLim*;Liquide middelen;jenv-bw2-i_CashAndCashEquivalents;jenv-bw2-dm:CommercialMember;jenv-bw2-dm:ConsolidatedMember
BLim*;Liquide middelen;jenv-bw2-i_CashAndCashEquivalents;jenv-bw2-dm:CommercialMember;jenv-bw2-dm:SeparateMember
BLim*;Liquide middelen;jenv-bw2-i_CashAndCashEquivalents;jenv-bw2-dm:CommercialMember;bzk-ww-dm:CompoundNonDAEBActivitiesMember
BLim*;Liquide middelen;jenv-bw2-i_CashAndCashEquivalents;jenv-bw2-dm:CommercialMember;bzk-ww-dm:NonDAEBActivitiesMember
BMva*;Onroerende en roerende zaken ten dienste van de exploitatie;bzk-ww-i_RealEstateAndMovablePropertyUsedForExploitation;jenv-bw2-dm:CommercialMember;bzk-ww-dm:DAEBActivitiesMember
BMva*;Materiële vaste activa;jenv-bw2-i_PropertyPlantEquipment;jenv-bw2-dm:CommercialMember;bzk-ww-dm:DAEBActivitiesMember
BMva*;Onroerende en roerende zaken ten dienste van de exploitatie;bzk-ww-i_RealEstateAndMovablePropertyUsedForExploitation;jenv-bw2-dm:CommercialMember;jenv-bw2-dm:ConsolidatedMember
BMva*;Materiële vaste activa;jenv-bw2-i_PropertyPlantEquipment;jenv-bw2-dm:CommercialMember;jenv-bw2-dm:ConsolidatedMember
BMva*;Onroerende en roerende zaken ten dienste van de exploitatie;bzk-ww-i_RealEstateAndMovablePropertyUsedForExploitation;jenv-bw2-dm:CommercialMember;jenv-bw2-dm:SeparateMember
BMva*;Materiële vaste activa;jenv-bw2-i_PropertyPlantEquipment;jenv-bw2-dm:CommercialMember;jenv-bw2-dm:SeparateMember
BMva*;Onroerende en roerende zaken ten dienste van de exploitatie;bzk-ww-i_RealEstateAndMovablePropertyUsedForExploitation;jenv-bw2-dm:CommercialMember;bzk-ww-dm:CompoundNonDAEBActivitiesMember
BMva*;Materiële vaste activa;jenv-bw2-i_PropertyPlantEquipment;jenv-bw2-dm:CommercialMember;bzk-ww-dm:CompoundNonDAEBActivitiesMember
BMva*;Onroerende en roerende zaken ten dienste van de exploitatie;bzk-ww-i_RealEstateAndMovablePropertyUsedForExploitation;jenv-bw2-dm:CommercialMember;bzk-ww-dm:NonDAEBActivitiesMember
BMva*;Materiële vaste activa;jenv-bw2-i_PropertyPlantEquipment;jenv-bw2-dm:CommercialMember;bzk-ww-dm:NonDAEBActivitiesMember
BPro*;Onderhanden projecten (activa);rj-i_ConstructionContractsAssets;jenv-bw2-dm:CommercialMember;jenv-bw2-dm:ConsolidatedMember
BPro*;Onderhanden projecten (activa);rj-i_ConstructionContractsAssets;jenv-bw2-dm:CommercialMember;jenv-bw2-dm:SeparateMember
BPro*;Onderhanden projecten (activa);rj-i_ConstructionContractsAssets;jenv-bw2-dm:CommercialMember;bzk-ww-dm:CompoundNonDAEBActivitiesMember
BPro*;Onderhanden projecten (activa);rj-i_ConstructionContractsAssets;jenv-bw2-dm:CommercialMember;bzk-ww-dm:NonDAEBActivitiesMember
BSch*;Kortlopende schulden;jenv-bw2-i_LiabilitiesCurrent;jenv-bw2-dm:CommercialMember;bzk-ww-dm:DAEBActivitiesMember
BSch*;Kortlopende schulden;jenv-bw2-i_LiabilitiesCurrent;jenv-bw2-dm:CommercialMember;jenv-bw2-dm:ConsolidatedMember
BSch*;Kortlopende schulden;jenv-bw2-i_LiabilitiesCurrent;jenv-bw2-dm:CommercialMember;jenv-bw2-dm:SeparateMember
BSch*;Kortlopende schulden;jenv-bw2-i_LiabilitiesCurrent;jenv-bw2-dm:CommercialMember;bzk-ww-dm:CompoundNonDAEBActivitiesMember
BSch*;Kortlopende schulden;jenv-bw2-i_LiabilitiesCurrent;jenv-bw2-dm:CommercialMember;bzk-ww-dm:NonDAEBActivitiesMember
BSchCre*;Kortlopende schulden aan leveranciers en handelskredieten;jenv-bw2-i_TradePayablesCurrent;jenv-bw2-dm:CommercialMember;bzk-ww-dm:DAEBActivitiesMember
BSchCre*;Kortlopende schulden aan leveranciers en handelskredieten;jenv-bw2-i_TradePayablesCurrent;jenv-bw2-dm:CommercialMember;jenv-bw2-dm:ConsolidatedMember
BSchCre*;Kortlopende schulden aan leveranciers en handelskredieten;jenv-bw2-i_TradePayablesCurrent;jenv-bw2-dm:CommercialMember;jenv-bw2-dm:SeparateMember
BSchCre*;Kortlopende schulden aan leveranciers en handelskredieten;jenv-bw2-i_TradePayablesCurrent;jenv-bw2-dm:CommercialMember;bzk-ww-dm:CompoundNonDAEBActivitiesMember
BSchCre*;Kortlopende schulden aan leveranciers en handelskredieten;jenv-bw2-i_TradePayablesCurrent;jenv-bw2-dm:CommercialMember;bzk-ww-dm:NonDAEBActivitiesMember
BSchSag*;Kortlopende schulden aan groepsmaatschappijen;jenv-bw2-i_PayablesGroupCompaniesCurrent;jenv-bw2-dm:CommercialMember;bzk-ww-dm:DAEBActivitiesMember
BSchSag*;Kortlopende schulden aan groepsmaatschappijen;jenv-bw2-i_PayablesGroupCompaniesCurrent;jenv-bw2-dm:CommercialMember;jenv-bw2-dm:SeparateMember
BSchSag*;Kortlopende schulden aan groepsmaatschappijen;jenv-bw2-i_PayablesGroupCompaniesCurrent;jenv-bw2-dm:CommercialMember;bzk-ww-dm:NonDAEBActivitiesMember
BSchSap*;Kortlopende schulden aan rechtspersonen en vennootschappen die een deelneming hebben in de rechtspersoon of waarin de rechtspersoon een deelneming heeft;jenv-bw2-i_PayablesShareholdersParticipatingInterestsCurrent;jenv-bw2-dm:CommercialMember;jenv-bw2-dm:SeparateMember
BSchSoh*;Kortlopende schulden aan overheid;bzk-ww-i_PayablesGovernmentCurrent;jenv-bw2-dm:CommercialMember;bzk-ww-dm:DAEBActivitiesMember
BSchSoh*;Kortlopende schulden aan overheid;bzk-ww-i_PayablesGovernmentCurrent;jenv-bw2-dm:CommercialMember;jenv-bw2-dm:ConsolidatedMember
BSchSoh*;Kortlopende schulden aan overheid;bzk-ww-i_PayablesGovernmentCurrent;jenv-bw2-dm:CommercialMember;jenv-bw2-dm:SeparateMember
BSchSoh*;Kortlopende schulden aan overheid;bzk-ww-i_PayablesGovernmentCurrent;jenv-bw2-dm:CommercialMember;bzk-ww-dm:CompoundNonDAEBActivitiesMember
BSchSoh*;Kortlopende schulden aan overheid;bzk-ww-i_PayablesGovernmentCurrent;jenv-bw2-dm:CommercialMember;bzk-ww-dm:NonDAEBActivitiesMember
BVas*;Vastgoedbeleggingen;rj-i_InvestmentProperties;jenv-bw2-dm:CommercialMember;bzk-ww-dm:DAEBActivitiesMember
BVas*;Vastgoedbeleggingen;rj-i_InvestmentProperties;jenv-bw2-dm:CommercialMember;jenv-bw2-dm:ConsolidatedMember
BVas*;Vastgoedbeleggingen;rj-i_InvestmentProperties;jenv-bw2-dm:CommercialMember;jenv-bw2-dm:SeparateMember
BVas*;Vastgoedbeleggingen;rj-i_InvestmentProperties;jenv-bw2-dm:CommercialMember;bzk-ww-dm:CompoundNonDAEBActivitiesMember
BVas*;Vastgoedbeleggingen;rj-i_InvestmentProperties;jenv-bw2-dm:CommercialMember;bzk-ww-dm:NonDAEBActivitiesMember
BVasCvi*;Niet-DAEB vastgoed in exploitatie;bzk-ww-i_CommercialRealEstateInExploitation;jenv-bw2-dm:CommercialMember;jenv-bw2-dm:ConsolidatedMember
BVasCvi*;Niet-DAEB vastgoed in exploitatie;bzk-ww-i_CommercialRealEstateInExploitation;jenv-bw2-dm:CommercialMember;jenv-bw2-dm:SeparateMember
BVasCvi*;Niet-DAEB vastgoed in exploitatie;bzk-ww-i_CommercialRealEstateInExploitation;jenv-bw2-dm:CommercialMember;bzk-ww-dm:CompoundNonDAEBActivitiesMember
BVasCvi*;Niet-DAEB vastgoed in exploitatie;bzk-ww-i_CommercialRealEstateInExploitation;jenv-bw2-dm:CommercialMember;bzk-ww-dm:NonDAEBActivitiesMember
BVasOzv*;Onroerende zaken verkocht onder voorwaarden;rj-i_RealEstateSoldSubjectTermsConditions;jenv-bw2-dm:CommercialMember;bzk-ww-dm:DAEBActivitiesMember
BVasOzv*;Onroerende zaken verkocht onder voorwaarden;rj-i_RealEstateSoldSubjectTermsConditions;jenv-bw2-dm:CommercialMember;jenv-bw2-dm:ConsolidatedMember
BVasOzv*;Onroerende zaken verkocht onder voorwaarden;rj-i_RealEstateSoldSubjectTermsConditions;jenv-bw2-dm:CommercialMember;jenv-bw2-dm:SeparateMember
BVasOzv*;Onroerende zaken verkocht onder voorwaarden;rj-i_RealEstateSoldSubjectTermsConditions;jenv-bw2-dm:CommercialMember;bzk-ww-dm:CompoundNonDAEBActivitiesMember
BVasOzv*;Onroerende zaken verkocht onder voorwaarden;rj-i_RealEstateSoldSubjectTermsConditions;jenv-bw2-dm:CommercialMember;bzk-ww-dm:NonDAEBActivitiesMember
BVasSvi*;DAEB vastgoed in exploitatie;bzk-ww-i_SocialRealEstateInExploitation;jenv-bw2-dm:CommercialMember;bzk-ww-dm:DAEBActivitiesMember
BVasSvi*;DAEB vastgoed in exploitatie;bzk-ww-i_SocialRealEstateInExploitation;jenv-bw2-dm:CommercialMember;jenv-bw2-dm:ConsolidatedMember
BVasSvi*;DAEB vastgoed in exploitatie;bzk-ww-i_SocialRealEstateInExploitation;jenv-bw2-dm:CommercialMember;jenv-bw2-dm:SeparateMember
BVasVio*;Vastgoed in ontwikkeling bestemd voor eigen exploitatie;bzk-ww-i_RealEstateInDevelopmentForOwnExploitation;jenv-bw2-dm:CommercialMember;bzk-ww-dm:DAEBActivitiesMember
BVasVio*;Vastgoed in ontwikkeling bestemd voor eigen exploitatie;bzk-ww-i_RealEstateInDevelopmentForOwnExploitation;jenv-bw2-dm:CommercialMember;jenv-bw2-dm:ConsolidatedMember
BVasVio*;Vastgoed in ontwikkeling bestemd voor eigen exploitatie;bzk-ww-i_RealEstateInDevelopmentForOwnExploitation;jenv-bw2-dm:CommercialMember;jenv-bw2-dm:SeparateMember
BVasVio*;Vastgoed in ontwikkeling bestemd voor eigen exploitatie;bzk-ww-i_RealEstateInDevelopmentForOwnExploitation;jenv-bw2-dm:CommercialMember;bzk-ww-dm:CompoundNonDAEBActivitiesMember
BVasVio*;Vastgoed in ontwikkeling bestemd voor eigen exploitatie;bzk-ww-i_RealEstateInDevelopmentForOwnExploitation;jenv-bw2-dm:CommercialMember;bzk-ww-dm:NonDAEBActivitiesMember
BVor*;Vorderingen;jenv-bw2-i_Receivables;jenv-bw2-dm:CommercialMember;bzk-ww-dm:DAEBActivitiesMember
BVor*;Vorderingen;jenv-bw2-i_Receivables;jenv-bw2-dm:CommercialMember;jenv-bw2-dm:ConsolidatedMember
BVor*;Vorderingen;jenv-bw2-i_Receivables;jenv-bw2-dm:CommercialMember;jenv-bw2-dm:SeparateMember
BVor*;Vorderingen;jenv-bw2-i_Receivables;jenv-bw2-dm:CommercialMember;bzk-ww-dm:CompoundNonDAEBActivitiesMember
BVor*;Vorderingen;jenv-bw2-i_Receivables;jenv-bw2-dm:CommercialMember;bzk-ww-dm:NonDAEBActivitiesMember
BVorDeb*;Huurdebiteuren;bzk-ww-i_RentalReceivables;jenv-bw2-dm:CommercialMember;bzk-ww-dm:DAEBActivitiesMember
BVorDeb*;Huurdebiteuren;bzk-ww-i_RentalReceivables;jenv-bw2-dm:CommercialMember;jenv-bw2-dm:ConsolidatedMember
BVorDeb*;Huurdebiteuren;bzk-ww-i_RentalReceivables;jenv-bw2-dm:CommercialMember;jenv-bw2-dm:SeparateMember
BVorDeb*;Huurdebiteuren;bzk-ww-i_RentalReceivables;jenv-bw2-dm:CommercialMember;bzk-ww-dm:CompoundNonDAEBActivitiesMember
BVorDeb*;Huurdebiteuren;bzk-ww-i_RentalReceivables;jenv-bw2-dm:CommercialMember;bzk-ww-dm:NonDAEBActivitiesMember
BVorLbv*;Kortlopende latente belastingvorderingen;rj-i_DeferredTaxAssetsCurrent;jenv-bw2-dm:CommercialMember;bzk-ww-dm:DAEBActivitiesMember
BVorLbv*;Kortlopende latente belastingvorderingen;rj-i_DeferredTaxAssetsCurrent;jenv-bw2-dm:CommercialMember;jenv-bw2-dm:ConsolidatedMember
BVorLbv*;Kortlopende latente belastingvorderingen;rj-i_DeferredTaxAssetsCurrent;jenv-bw2-dm:CommercialMember;jenv-bw2-dm:SeparateMember
BVorLbv*;Kortlopende latente belastingvorderingen;rj-i_DeferredTaxAssetsCurrent;jenv-bw2-dm:CommercialMember;bzk-ww-dm:CompoundNonDAEBActivitiesMember
BVorLbv*;Kortlopende latente belastingvorderingen;rj-i_DeferredTaxAssetsCurrent;jenv-bw2-dm:CommercialMember;bzk-ww-dm:NonDAEBActivitiesMember
BVorOvh*;Vorderingen op de overheid;bzk-ww-i_GovernmentReceivables;jenv-bw2-dm:CommercialMember;bzk-ww-dm:DAEBActivitiesMember
BVorOvh*;Vorderingen op de overheid;bzk-ww-i_GovernmentReceivables;jenv-bw2-dm:CommercialMember;jenv-bw2-dm:ConsolidatedMember
BVorOvh*;Vorderingen op de overheid;bzk-ww-i_GovernmentReceivables;jenv-bw2-dm:CommercialMember;jenv-bw2-dm:SeparateMember
BVorOvh*;Vorderingen op de overheid;bzk-ww-i_GovernmentReceivables;jenv-bw2-dm:CommercialMember;bzk-ww-dm:CompoundNonDAEBActivitiesMember
BVorOvh*;Vorderingen op de overheid;bzk-ww-i_GovernmentReceivables;jenv-bw2-dm:CommercialMember;bzk-ww-dm:NonDAEBActivitiesMember
BVorVbk*;Vorderingen ter zake van belastingen en premies sociale verzekeringen;bzk-ww-i_TaxesSocialSecurityContributionsReceivables;jenv-bw2-dm:CommercialMember;bzk-ww-dm:DAEBActivitiesMember
BVorVbk*;Vorderingen ter zake van belastingen en premies sociale verzekeringen;bzk-ww-i_TaxesSocialSecurityContributionsReceivables;jenv-bw2-dm:CommercialMember;jenv-bw2-dm:ConsolidatedMember
BVorVbk*;Vorderingen ter zake van belastingen en premies sociale verzekeringen;bzk-ww-i_TaxesSocialSecurityContributionsReceivables;jenv-bw2-dm:CommercialMember;jenv-bw2-dm:SeparateMember
BVorVbk*;Vorderingen ter zake van belastingen en premies sociale verzekeringen;bzk-ww-i_TaxesSocialSecurityContributionsReceivables;jenv-bw2-dm:CommercialMember;bzk-ww-dm:CompoundNonDAEBActivitiesMember
BVorVbk*;Vorderingen ter zake van belastingen en premies sociale verzekeringen;bzk-ww-i_TaxesSocialSecurityContributionsReceivables;jenv-bw2-dm:CommercialMember;bzk-ww-dm:NonDAEBActivitiesMember
BVorVog*;Kortlopende vorderingen op groepsmaatschappijen;jenv-bw2-i_ReceivablesGroupCompaniesCurrent;jenv-bw2-dm:CommercialMember;bzk-ww-dm:DAEBActivitiesMember
BVorVog*;Kortlopende vorderingen op groepsmaatschappijen;jenv-bw2-i_ReceivablesGroupCompaniesCurrent;jenv-bw2-dm:CommercialMember;jenv-bw2-dm:SeparateMember
BVorVog*;Kortlopende vorderingen op groepsmaatschappijen;jenv-bw2-i_ReceivablesGroupCompaniesCurrent;jenv-bw2-dm:CommercialMember;bzk-ww-dm:NonDAEBActivitiesMember
BVorVop*;Kortlopende vorderingen op andere rechtspersonen en vennootschappen die een deelneming hebben in de rechtspersoon of waarin de rechtspersoon een deelneming heeft;jenv-bw2-i_ReceivablesShareholdersParticipatingInterestsCurrent;jenv-bw2-dm:CommercialMember;jenv-bw2-dm:SeparateMember
BVrd*;Voorraden;jenv-bw2-i_Inventories;jenv-bw2-dm:CommercialMember;bzk-ww-dm:DAEBActivitiesMember
BVrd*;Voorraden;jenv-bw2-i_Inventories;jenv-bw2-dm:CommercialMember;jenv-bw2-dm:ConsolidatedMember
BVrd*;Voorraden;jenv-bw2-i_Inventories;jenv-bw2-dm:CommercialMember;jenv-bw2-dm:SeparateMember
BVrd*;Voorraden;jenv-bw2-i_Inventories;jenv-bw2-dm:CommercialMember;bzk-ww-dm:CompoundNonDAEBActivitiesMember
BVrd*;Voorraden;jenv-bw2-i_Inventories;jenv-bw2-dm:CommercialMember;bzk-ww-dm:NonDAEBActivitiesMember
BVrdVas*;Vastgoed bestemd voor de verkoop;bzk-ww-i_RealEstateForSale;jenv-bw2-dm:CommercialMember;bzk-ww-dm:DAEBActivitiesMember
BVrdVasVio*;Vastgoed in ontwikkeling bestemd voor de verkoop;bzk-ww-i_RealEstateInDevelopmentForSale;jenv-bw2-dm:CommercialMember;jenv-bw2-dm:ConsolidatedMember
BVrdVasVio*;Vastgoed in ontwikkeling bestemd voor de verkoop;bzk-ww-i_RealEstateInDevelopmentForSale;jenv-bw2-dm:CommercialMember;jenv-bw2-dm:SeparateMember
BVrdVasVio*;Vastgoed in ontwikkeling bestemd voor de verkoop;bzk-ww-i_RealEstateInDevelopmentForSale;jenv-bw2-dm:CommercialMember;bzk-ww-dm:CompoundNonDAEBActivitiesMember
BVrdVasVio*;Vastgoed in ontwikkeling bestemd voor de verkoop;bzk-ww-i_RealEstateInDevelopmentForSale;jenv-bw2-dm:CommercialMember;bzk-ww-dm:NonDAEBActivitiesMember
BVrz*;Voorzieningen;jenv-bw2-i_Provisions;jenv-bw2-dm:CommercialMember;bzk-ww-dm:DAEBActivitiesMember
BVrz*;Voorzieningen;jenv-bw2-i_Provisions;jenv-bw2-dm:CommercialMember;jenv-bw2-dm:ConsolidatedMember
BVrz*;Voorzieningen;jenv-bw2-i_Provisions;jenv-bw2-dm:CommercialMember;jenv-bw2-dm:SeparateMember
BVrz*;Voorzieningen;jenv-bw2-i_Provisions;jenv-bw2-dm:CommercialMember;bzk-ww-dm:CompoundNonDAEBActivitiesMember
BVrz*;Voorzieningen;jenv-bw2-i_Provisions;jenv-bw2-dm:CommercialMember;bzk-ww-dm:NonDAEBActivitiesMember
BVrzOih*;Voorziening voor onrendabele investeringen en herstructureringen;bzk-ww-i_ProvisionUnprofitableInvestmentsAndRestructuring;jenv-bw2-dm:CommercialMember;bzk-ww-dm:DAEBActivitiesMember
BVrzOih*;Voorziening voor onrendabele investeringen en herstructureringen;bzk-ww-i_ProvisionUnprofitableInvestmentsAndRestructuring;jenv-bw2-dm:CommercialMember;jenv-bw2-dm:ConsolidatedMember
BVrzOih*;Voorziening voor onrendabele investeringen en herstructureringen;bzk-ww-i_ProvisionUnprofitableInvestmentsAndRestructuring;jenv-bw2-dm:CommercialMember;jenv-bw2-dm:SeparateMember
BVrzOih*;Voorziening voor onrendabele investeringen en herstructureringen;bzk-ww-i_ProvisionUnprofitableInvestmentsAndRestructuring;jenv-bw2-dm:CommercialMember;bzk-ww-dm:CompoundNonDAEBActivitiesMember
BVrzOih*;Voorziening voor onrendabele investeringen en herstructureringen;bzk-ww-i_ProvisionUnprofitableInvestmentsAndRestructuring;jenv-bw2-dm:CommercialMember;bzk-ww-dm:NonDAEBActivitiesMember
BVrzVvbVlb*;Latente belastingverplichtingen;rj-i_DeferredTaxLiabilities;jenv-bw2-dm:CommercialMember;bzk-ww-dm:DAEBActivitiesMember
BVrzVvbVlb*;Latente belastingverplichtingen;rj-i_DeferredTaxLiabilities;jenv-bw2-dm:CommercialMember;jenv-bw2-dm:ConsolidatedMember
BVrzVvbVlb*;Latente belastingverplichtingen;rj-i_DeferredTaxLiabilities;jenv-bw2-dm:CommercialMember;jenv-bw2-dm:SeparateMember
BVrzVvbVlb*;Latente belastingverplichtingen;rj-i_DeferredTaxLiabilities;jenv-bw2-dm:CommercialMember;bzk-ww-dm:CompoundNonDAEBActivitiesMember
BVrzVvbVlb*;Latente belastingverplichtingen;rj-i_DeferredTaxLiabilities;jenv-bw2-dm:CommercialMember;bzk-ww-dm:NonDAEBActivitiesMember
Beff*;Kortlopende effecten;jenv-bw2-i_SecuritiesCurrent;jenv-bw2-dm:CommercialMember;bzk-ww-dm:DAEBActivitiesMember
Beff*;Kortlopende effecten;jenv-bw2-i_SecuritiesCurrent;jenv-bw2-dm:CommercialMember;jenv-bw2-dm:ConsolidatedMember
Beff*;Kortlopende effecten;jenv-bw2-i_SecuritiesCurrent;jenv-bw2-dm:CommercialMember;jenv-bw2-dm:SeparateMember
Beff*;Kortlopende effecten;jenv-bw2-i_SecuritiesCurrent;jenv-bw2-dm:CommercialMember;bzk-ww-dm:CompoundNonDAEBActivitiesMember
Beff*;Kortlopende effecten;jenv-bw2-i_SecuritiesCurrent;jenv-bw2-dm:CommercialMember;bzk-ww-dm:NonDAEBActivitiesMember
WAad*;Aandeel van derden in het geconsolideerd resultaat na belastingen;jenv-bw2-i_ResultAttributableNoncontrollingInterest;jenv-bw2-dm:CommercialMember;jenv-bw2-dm:ConsolidatedMember
WAad*;Aandeel van derden in het geconsolideerd resultaat na belastingen;jenv-bw2-i_ResultAttributableNoncontrollingInterest;jenv-bw2-dm:CommercialMember;bzk-ww-dm:CompoundNonDAEBActivitiesMember
WBel*;Belastingen over de winst of het verlies;jenv-bw2-i_IncomeTaxExpense;jenv-bw2-dm:CommercialMember;bzk-ww-dm:DAEBActivitiesMember
WBel*;Belastingen over de winst of het verlies;jenv-bw2-i_IncomeTaxExpense;jenv-bw2-dm:CommercialMember;jenv-bw2-dm:ConsolidatedMember
WBel*;Belastingen over de winst of het verlies;jenv-bw2-i_IncomeTaxExpense;jenv-bw2-dm:CommercialMember;jenv-bw2-dm:SeparateMember
WBel*;Belastingen over de winst of het verlies;jenv-bw2-i_IncomeTaxExpense;jenv-bw2-dm:CommercialMember;bzk-ww-dm:CompoundNonDAEBActivitiesMember
WBel*;Belastingen over de winst of het verlies;jenv-bw2-i_IncomeTaxExpense;jenv-bw2-dm:CommercialMember;bzk-ww-dm:NonDAEBActivitiesMember
WKol*;Kosten omtrent leefbaarheid;bzk-ww-i_LiveabilityExpenses;jenv-bw2-dm:CommercialMember;bzk-ww-dm:DAEBActivitiesMember
WKol*;Kosten omtrent leefbaarheid;bzk-ww-i_LiveabilityExpenses;jenv-bw2-dm:CommercialMember;jenv-bw2-dm:ConsolidatedMember
WKol*;Kosten omtrent leefbaarheid;bzk-ww-i_LiveabilityExpenses;jenv-bw2-dm:CommercialMember;jenv-bw2-dm:SeparateMember
WKol*;Kosten omtrent leefbaarheid;bzk-ww-i_LiveabilityExpenses;jenv-bw2-dm:CommercialMember;bzk-ww-dm:CompoundNonDAEBActivitiesMember
WKol*;Kosten omtrent leefbaarheid;bzk-ww-i_LiveabilityExpenses;jenv-bw2-dm:CommercialMember;bzk-ww-dm:NonDAEBActivitiesMember
WOokOokOhf;Obligoheffing WSW;bzk-ww-i_WswTaxLevy;jenv-bw2-dm:CommercialMember;bzk-ww-dm:DAEBActivitiesMember
WOokOokOhf;Obligoheffing WSW;bzk-ww-i_WswTaxLevy;jenv-bw2-dm:CommercialMember;bzk-ww-dm:CompoundNonDAEBActivitiesMember
WOokOokOhf;Obligoheffing WSW;bzk-ww-i_WswTaxLevy;jenv-bw2-dm:CommercialMember;bzk-ww-dm:NonDAEBActivitiesMember
WOvt*;Opbrengsten van andere effecten en vorderingen, die tot de vaste activa behoren;jenv-bw2-i_IncomeReceivablesNoncurrentSecurities;jenv-bw2-dm:CommercialMember;bzk-ww-dm:DAEBActivitiesMember
WOvt*;Opbrengsten van andere effecten en vorderingen, die tot de vaste activa behoren;jenv-bw2-i_IncomeReceivablesNoncurrentSecurities;jenv-bw2-dm:CommercialMember;jenv-bw2-dm:ConsolidatedMember
WOvt*;Opbrengsten van andere effecten en vorderingen, die tot de vaste activa behoren;jenv-bw2-i_IncomeReceivablesNoncurrentSecurities;jenv-bw2-dm:CommercialMember;jenv-bw2-dm:SeparateMember
WOvt*;Opbrengsten van andere effecten en vorderingen, die tot de vaste activa behoren;jenv-bw2-i_IncomeReceivablesNoncurrentSecurities;jenv-bw2-dm:CommercialMember;bzk-ww-dm:CompoundNonDAEBActivitiesMember
WOvt*;Opbrengsten van andere effecten en vorderingen, die tot de vaste activa behoren;jenv-bw2-i_IncomeReceivablesNoncurrentSecurities;jenv-bw2-dm:CommercialMember;bzk-ww-dm:NonDAEBActivitiesMember
WRed*;Aandeel in resultaat van ondernemingen waarin wordt deelgenomen;jenv-bw2-i_ShareInResultsParticipatingInterests;jenv-bw2-dm:CommercialMember;bzk-ww-dm:DAEBActivitiesMember
WRed*;Aandeel in resultaat van ondernemingen waarin wordt deelgenomen;jenv-bw2-i_ShareInResultsParticipatingInterests;jenv-bw2-dm:CommercialMember;jenv-bw2-dm:ConsolidatedMember
WRed*;Aandeel in resultaat van ondernemingen waarin wordt deelgenomen;jenv-bw2-i_ShareInResultsParticipatingInterests;jenv-bw2-dm:CommercialMember;jenv-bw2-dm:SeparateMember
WRed*;Aandeel in resultaat van ondernemingen waarin wordt deelgenomen;jenv-bw2-i_ShareInResultsParticipatingInterests;jenv-bw2-dm:CommercialMember;bzk-ww-dm:CompoundNonDAEBActivitiesMember
WRed*;Aandeel in resultaat van ondernemingen waarin wordt deelgenomen;jenv-bw2-i_ShareInResultsParticipatingInterests;jenv-bw2-dm:CommercialMember;bzk-ww-dm:NonDAEBActivitiesMember
WRev*;Netto resultaat exploitatie van vastgoedportefeuille;bzk-ww-i_NetResultExploitationOfRealEstatePortfolio;jenv-bw2-dm:CommercialMember;bzk-ww-dm:DAEBActivitiesMember
WRev*;Netto resultaat exploitatie van vastgoedportefeuille;bzk-ww-i_NetResultExploitationOfRealEstatePortfolio;jenv-bw2-dm:CommercialMember;jenv-bw2-dm:ConsolidatedMember
WRev*;Netto resultaat exploitatie van vastgoedportefeuille;bzk-ww-i_NetResultExploitationOfRealEstatePortfolio;jenv-bw2-dm:CommercialMember;jenv-bw2-dm:SeparateMember
WRev*;Netto resultaat exploitatie van vastgoedportefeuille;bzk-ww-i_NetResultExploitationOfRealEstatePortfolio;jenv-bw2-dm:CommercialMember;bzk-ww-dm:CompoundNonDAEBActivitiesMember
WRev*;Netto resultaat exploitatie van vastgoedportefeuille;bzk-ww-i_NetResultExploitationOfRealEstatePortfolio;jenv-bw2-dm:CommercialMember;bzk-ww-dm:NonDAEBActivitiesMember
WRevHuo*;Huuropbrengsten;rj-i_RentalIncome;jenv-bw2-dm:CommercialMember;bzk-ww-dm:DAEBActivitiesMember
WRevHuo*;Huuropbrengsten;rj-i_RentalIncome;jenv-bw2-dm:CommercialMember;jenv-bw2-dm:ConsolidatedMember
WRevHuo*;Huuropbrengsten;rj-i_RentalIncome;jenv-bw2-dm:CommercialMember;jenv-bw2-dm:SeparateMember
WRevHuo*;Huuropbrengsten;rj-i_RentalIncome;jenv-bw2-dm:CommercialMember;bzk-ww-dm:CompoundNonDAEBActivitiesMember
WRevHuo*;Huuropbrengsten;rj-i_RentalIncome;jenv-bw2-dm:CommercialMember;bzk-ww-dm:NonDAEBActivitiesMember
WRevHuoHuo*;Huuropbrengsten;rj-i_RentalIncome;jenv-bw2-dm:CommercialMember;bzk-ww-dm:CompoundNonDAEBActivitiesMember;bzk-ww-dm:RentIncomeMember
WRevHuoHuo*;Huuropbrengsten;rj-i_RentalIncome;jenv-bw2-dm:CommercialMember;bzk-ww-dm:NonDAEBActivitiesMember;bzk-ww-dm:RentIncomeMember
WRevHuoHuo*;Huuropbrengsten;rj-i_RentalIncome;jenv-bw2-dm:CommercialMember;bzk-ww-dm:DAEBActivitiesMember;bzk-ww-dm:RentIncomeMember
WRevLoa*;Lasten onderhoudsactiviteiten;bzk-ww-i_MaintenanceExpenses;jenv-bw2-dm:CommercialMember;bzk-ww-dm:DAEBActivitiesMember
WRevLoa*;Lasten onderhoudsactiviteiten;bzk-ww-i_MaintenanceExpenses;jenv-bw2-dm:CommercialMember;jenv-bw2-dm:ConsolidatedMember
WRevLoa*;Lasten onderhoudsactiviteiten;bzk-ww-i_MaintenanceExpenses;jenv-bw2-dm:CommercialMember;jenv-bw2-dm:SeparateMember
WRevLoa*;Lasten onderhoudsactiviteiten;bzk-ww-i_MaintenanceExpenses;jenv-bw2-dm:CommercialMember;bzk-ww-dm:CompoundNonDAEBActivitiesMember
WRevLoa*;Lasten onderhoudsactiviteiten;bzk-ww-i_MaintenanceExpenses;jenv-bw2-dm:CommercialMember;bzk-ww-dm:NonDAEBActivitiesMember
WRevLsc*;Lasten servicecontracten;bzk-ww-i_ServiceContractsExpenses;jenv-bw2-dm:CommercialMember;bzk-ww-dm:DAEBActivitiesMember
WRevLsc*;Lasten servicecontracten;bzk-ww-i_ServiceContractsExpenses;jenv-bw2-dm:CommercialMember;jenv-bw2-dm:ConsolidatedMember
WRevLsc*;Lasten servicecontracten;bzk-ww-i_ServiceContractsExpenses;jenv-bw2-dm:CommercialMember;jenv-bw2-dm:SeparateMember
WRevLsc*;Lasten servicecontracten;bzk-ww-i_ServiceContractsExpenses;jenv-bw2-dm:CommercialMember;bzk-ww-dm:CompoundNonDAEBActivitiesMember
WRevLsc*;Lasten servicecontracten;bzk-ww-i_ServiceContractsExpenses;jenv-bw2-dm:CommercialMember;bzk-ww-dm:NonDAEBActivitiesMember
WRevLvb*;Lasten verhuur en beheeractiviteiten;bzk-ww-i_RentalAndManagementActivitiesExpenses;jenv-bw2-dm:CommercialMember;bzk-ww-dm:DAEBActivitiesMember
WRevLvb*;Lasten verhuur en beheeractiviteiten;bzk-ww-i_RentalAndManagementActivitiesExpenses;jenv-bw2-dm:CommercialMember;jenv-bw2-dm:ConsolidatedMember
WRevLvb*;Lasten verhuur en beheeractiviteiten;bzk-ww-i_RentalAndManagementActivitiesExpenses;jenv-bw2-dm:CommercialMember;jenv-bw2-dm:SeparateMember
WRevLvb*;Lasten verhuur en beheeractiviteiten;bzk-ww-i_RentalAndManagementActivitiesExpenses;jenv-bw2-dm:CommercialMember;bzk-ww-dm:CompoundNonDAEBActivitiesMember
WRevLvb*;Lasten verhuur en beheeractiviteiten;bzk-ww-i_RentalAndManagementActivitiesExpenses;jenv-bw2-dm:CommercialMember;bzk-ww-dm:NonDAEBActivitiesMember
WRevOhb*;Overheidsbijdragen;bzk-ww-i_GovernmentContributions;jenv-bw2-dm:CommercialMember;bzk-ww-dm:DAEBActivitiesMember
WRevOhb*;Overheidsbijdragen;bzk-ww-i_GovernmentContributions;jenv-bw2-dm:CommercialMember;jenv-bw2-dm:ConsolidatedMember
WRevOhb*;Overheidsbijdragen;bzk-ww-i_GovernmentContributions;jenv-bw2-dm:CommercialMember;jenv-bw2-dm:SeparateMember
WRevOhb*;Overheidsbijdragen;bzk-ww-i_GovernmentContributions;jenv-bw2-dm:CommercialMember;bzk-ww-dm:CompoundNonDAEBActivitiesMember
WRevOhb*;Overheidsbijdragen;bzk-ww-i_GovernmentContributions;jenv-bw2-dm:CommercialMember;bzk-ww-dm:NonDAEBActivitiesMember
WRevOol*;Overige directe operationele lasten exploitatie bezit;bzk-ww-i_DirectOperationalExpensesOtherExploitationPossession;jenv-bw2-dm:CommercialMember;bzk-ww-dm:DAEBActivitiesMember
WRevOol*;Overige directe operationele lasten exploitatie bezit;bzk-ww-i_DirectOperationalExpensesOtherExploitationPossession;jenv-bw2-dm:CommercialMember;jenv-bw2-dm:ConsolidatedMember
WRevOol*;Overige directe operationele lasten exploitatie bezit;bzk-ww-i_DirectOperationalExpensesOtherExploitationPossession;jenv-bw2-dm:CommercialMember;jenv-bw2-dm:SeparateMember
WRevOol*;Overige directe operationele lasten exploitatie bezit;bzk-ww-i_DirectOperationalExpensesOtherExploitationPossession;jenv-bw2-dm:CommercialMember;bzk-ww-dm:CompoundNonDAEBActivitiesMember
WRevOol*;Overige directe operationele lasten exploitatie bezit;bzk-ww-i_DirectOperationalExpensesOtherExploitationPossession;jenv-bw2-dm:CommercialMember;bzk-ww-dm:NonDAEBActivitiesMember
WRevOsc*;Opbrengsten servicecontracten;bzk-ww-i_IncomeServiceContracts;jenv-bw2-dm:CommercialMember;bzk-ww-dm:DAEBActivitiesMember
WRevOsc*;Opbrengsten servicecontracten;bzk-ww-i_IncomeServiceContracts;jenv-bw2-dm:CommercialMember;jenv-bw2-dm:ConsolidatedMember
WRevOsc*;Opbrengsten servicecontracten;bzk-ww-i_IncomeServiceContracts;jenv-bw2-dm:CommercialMember;jenv-bw2-dm:SeparateMember
WRevOsc*;Opbrengsten servicecontracten;bzk-ww-i_IncomeServiceContracts;jenv-bw2-dm:CommercialMember;bzk-ww-dm:CompoundNonDAEBActivitiesMember
WRevOsc*;Opbrengsten servicecontracten;bzk-ww-i_IncomeServiceContracts;jenv-bw2-dm:CommercialMember;bzk-ww-dm:NonDAEBActivitiesMember
WRgr*;Netto gerealiseerd resultaat verkoop vastgoedportefeuille;bzk-ww-i_NetRealisedResultSalesRealEstatePortfolio;jenv-bw2-dm:CommercialMember;bzk-ww-dm:DAEBActivitiesMember
WRgr*;Netto gerealiseerd resultaat verkoop vastgoedportefeuille;bzk-ww-i_NetRealisedResultSalesRealEstatePortfolio;jenv-bw2-dm:CommercialMember;jenv-bw2-dm:ConsolidatedMember
WRgr*;Netto gerealiseerd resultaat verkoop vastgoedportefeuille;bzk-ww-i_NetRealisedResultSalesRealEstatePortfolio;jenv-bw2-dm:CommercialMember;jenv-bw2-dm:SeparateMember
WRgr*;Netto gerealiseerd resultaat verkoop vastgoedportefeuille;bzk-ww-i_NetRealisedResultSalesRealEstatePortfolio;jenv-bw2-dm:CommercialMember;bzk-ww-dm:CompoundNonDAEBActivitiesMember
WRgr*;Netto gerealiseerd resultaat verkoop vastgoedportefeuille;bzk-ww-i_NetRealisedResultSalesRealEstatePortfolio;jenv-bw2-dm:CommercialMember;bzk-ww-dm:NonDAEBActivitiesMember
WRgrRvb*;Boekwaarde verkochte vastgoedportefeuille;bzk-ww-i_BookValueRealEstatePortfolioSold;jenv-bw2-dm:CommercialMember;bzk-ww-dm:DAEBActivitiesMember
WRgrRvb*;Boekwaarde verkochte vastgoedportefeuille;bzk-ww-i_BookValueRealEstatePortfolioSold;jenv-bw2-dm:CommercialMember;jenv-bw2-dm:ConsolidatedMember
WRgrRvb*;Boekwaarde verkochte vastgoedportefeuille;bzk-ww-i_BookValueRealEstatePortfolioSold;jenv-bw2-dm:CommercialMember;jenv-bw2-dm:SeparateMember
WRgrRvb*;Boekwaarde verkochte vastgoedportefeuille;bzk-ww-i_BookValueRealEstatePortfolioSold;jenv-bw2-dm:CommercialMember;bzk-ww-dm:CompoundNonDAEBActivitiesMember
WRgrRvb*;Boekwaarde verkochte vastgoedportefeuille;bzk-ww-i_BookValueRealEstatePortfolioSold;jenv-bw2-dm:CommercialMember;bzk-ww-dm:NonDAEBActivitiesMember
WRgrTok*;Toegerekende organisatiekosten gekwalificeerd als verkoop vastgoedportefeuille;bzk-ww-i_AttributableOrganisationCostsQualifiedAsSalesRealEstatePortfolio;jenv-bw2-dm:CommercialMember;bzk-ww-dm:DAEBActivitiesMember
WRgrTok*;Toegerekende organisatiekosten gekwalificeerd als verkoop vastgoedportefeuille;bzk-ww-i_AttributableOrganisationCostsQualifiedAsSalesRealEstatePortfolio;jenv-bw2-dm:CommercialMember;jenv-bw2-dm:ConsolidatedMember
WRgrTok*;Toegerekende organisatiekosten gekwalificeerd als verkoop vastgoedportefeuille;bzk-ww-i_AttributableOrganisationCostsQualifiedAsSalesRealEstatePortfolio;jenv-bw2-dm:CommercialMember;jenv-bw2-dm:SeparateMember
WRgrTok*;Toegerekende organisatiekosten gekwalificeerd als verkoop vastgoedportefeuille;bzk-ww-i_AttributableOrganisationCostsQualifiedAsSalesRealEstatePortfolio;jenv-bw2-dm:CommercialMember;bzk-ww-dm:CompoundNonDAEBActivitiesMember
WRgrTok*;Toegerekende organisatiekosten gekwalificeerd als verkoop vastgoedportefeuille;bzk-ww-i_AttributableOrganisationCostsQualifiedAsSalesRealEstatePortfolio;jenv-bw2-dm:CommercialMember;bzk-ww-dm:NonDAEBActivitiesMember
WRvi*;Netto resultaat verkocht vastgoed in ontwikkeling;bzk-ww-i_NetResultSoldRealEstateInDevelopment;jenv-bw2-dm:CommercialMember;jenv-bw2-dm:ConsolidatedMember
WRvi*;Netto resultaat verkocht vastgoed in ontwikkeling;bzk-ww-i_NetResultSoldRealEstateInDevelopment;jenv-bw2-dm:CommercialMember;jenv-bw2-dm:SeparateMember
WRvi*;Netto resultaat verkocht vastgoed in ontwikkeling;bzk-ww-i_NetResultSoldRealEstateInDevelopment;jenv-bw2-dm:CommercialMember;bzk-ww-dm:CompoundNonDAEBActivitiesMember
WRvi*;Netto resultaat verkocht vastgoed in ontwikkeling;bzk-ww-i_NetResultSoldRealEstateInDevelopment;jenv-bw2-dm:CommercialMember;bzk-ww-dm:NonDAEBActivitiesMember
WRviOvo*;Omzet verkocht vastgoed in ontwikkeling;bzk-ww-i_RevenueSoldRealEstateInDevelopment;jenv-bw2-dm:CommercialMember;jenv-bw2-dm:ConsolidatedMember
WRviOvo*;Omzet verkocht vastgoed in ontwikkeling;bzk-ww-i_RevenueSoldRealEstateInDevelopment;jenv-bw2-dm:CommercialMember;jenv-bw2-dm:SeparateMember
WRviOvo*;Omzet verkocht vastgoed in ontwikkeling;bzk-ww-i_RevenueSoldRealEstateInDevelopment;jenv-bw2-dm:CommercialMember;bzk-ww-dm:CompoundNonDAEBActivitiesMember
WRviOvo*;Omzet verkocht vastgoed in ontwikkeling;bzk-ww-i_RevenueSoldRealEstateInDevelopment;jenv-bw2-dm:CommercialMember;bzk-ww-dm:NonDAEBActivitiesMember
WRviTfk*;Toegerekende financieringskosten;bzk-ww-i_AttributableFinancingCosts;jenv-bw2-dm:CommercialMember;jenv-bw2-dm:ConsolidatedMember
WRviTfk*;Toegerekende financieringskosten;bzk-ww-i_AttributableFinancingCosts;jenv-bw2-dm:CommercialMember;jenv-bw2-dm:SeparateMember
WRviTfk*;Toegerekende financieringskosten;bzk-ww-i_AttributableFinancingCosts;jenv-bw2-dm:CommercialMember;bzk-ww-dm:CompoundNonDAEBActivitiesMember
WRviTfk*;Toegerekende financieringskosten;bzk-ww-i_AttributableFinancingCosts;jenv-bw2-dm:CommercialMember;bzk-ww-dm:NonDAEBActivitiesMember
WRviTok*;Toegerekende organisatiekosten gekwalificeerd als verkocht vastgoed in ontwikkeling;bzk-ww-i_AttributableOrganisationCostsQualifiedAsSoldRealEstateInDevelopment;jenv-bw2-dm:CommercialMember;jenv-bw2-dm:ConsolidatedMember
WRviTok*;Toegerekende organisatiekosten gekwalificeerd als verkocht vastgoed in ontwikkeling;bzk-ww-i_AttributableOrganisationCostsQualifiedAsSoldRealEstateInDevelopment;jenv-bw2-dm:CommercialMember;jenv-bw2-dm:SeparateMember
WRviTok*;Toegerekende organisatiekosten gekwalificeerd als verkocht vastgoed in ontwikkeling;bzk-ww-i_AttributableOrganisationCostsQualifiedAsSoldRealEstateInDevelopment;jenv-bw2-dm:CommercialMember;bzk-ww-dm:CompoundNonDAEBActivitiesMember
WRviTok*;Toegerekende organisatiekosten gekwalificeerd als verkocht vastgoed in ontwikkeling;bzk-ww-i_AttributableOrganisationCostsQualifiedAsSoldRealEstateInDevelopment;jenv-bw2-dm:CommercialMember;bzk-ww-dm:NonDAEBActivitiesMember
WRviUvv*;Lasten verkocht vastgoed in ontwikkeling;bzk-ww-i_PaymentsSoldRealEstateInDevelopment;jenv-bw2-dm:CommercialMember;jenv-bw2-dm:ConsolidatedMember
WRviUvv*;Lasten verkocht vastgoed in ontwikkeling;bzk-ww-i_PaymentsSoldRealEstateInDevelopment;jenv-bw2-dm:CommercialMember;jenv-bw2-dm:SeparateMember
WRviUvv*;Lasten verkocht vastgoed in ontwikkeling;bzk-ww-i_PaymentsSoldRealEstateInDevelopment;jenv-bw2-dm:CommercialMember;bzk-ww-dm:CompoundNonDAEBActivitiesMember
WRviUvv*;Lasten verkocht vastgoed in ontwikkeling;bzk-ww-i_PaymentsSoldRealEstateInDevelopment;jenv-bw2-dm:CommercialMember;bzk-ww-dm:NonDAEBActivitiesMember
WWfa*;Wijzigingen in de waarde van financiële vaste activa en van de effecten die tot de vlottende activa behoren;jenv-bw2-i_ChangesValueFinancialAssetsSecurities;jenv-bw2-dm:CommercialMember;bzk-ww-dm:DAEBActivitiesMember
WWfa*;Wijzigingen in de waarde van financiële vaste activa en van de effecten die tot de vlottende activa behoren;jenv-bw2-i_ChangesValueFinancialAssetsSecurities;jenv-bw2-dm:CommercialMember;jenv-bw2-dm:ConsolidatedMember
WWfa*;Wijzigingen in de waarde van financiële vaste activa en van de effecten die tot de vlottende activa behoren;jenv-bw2-i_ChangesValueFinancialAssetsSecurities;jenv-bw2-dm:CommercialMember;jenv-bw2-dm:SeparateMember
WWfa*;Wijzigingen in de waarde van financiële vaste activa en van de effecten die tot de vlottende activa behoren;jenv-bw2-i_ChangesValueFinancialAssetsSecurities;jenv-bw2-dm:CommercialMember;bzk-ww-dm:CompoundNonDAEBActivitiesMember
WWfa*;Wijzigingen in de waarde van financiële vaste activa en van de effecten die tot de vlottende activa behoren;jenv-bw2-i_ChangesValueFinancialAssetsSecurities;jenv-bw2-dm:CommercialMember;bzk-ww-dm:NonDAEBActivitiesMember
WWvv*;Waardeveranderingen vastgoedportefeuille;bzk-ww-i_ChangesValueRealEstatePortfolio;jenv-bw2-dm:CommercialMember;bzk-ww-dm:DAEBActivitiesMember
WWvv*;Waardeveranderingen vastgoedportefeuille;bzk-ww-i_ChangesValueRealEstatePortfolio;jenv-bw2-dm:CommercialMember;jenv-bw2-dm:ConsolidatedMember
WWvv*;Waardeveranderingen vastgoedportefeuille;bzk-ww-i_ChangesValueRealEstatePortfolio;jenv-bw2-dm:CommercialMember;jenv-bw2-dm:SeparateMember
WWvv*;Waardeveranderingen vastgoedportefeuille;bzk-ww-i_ChangesValueRealEstatePortfolio;jenv-bw2-dm:CommercialMember;bzk-ww-dm:CompoundNonDAEBActivitiesMember
WWvv*;Waardeveranderingen vastgoedportefeuille;bzk-ww-i_ChangesValueRealEstatePortfolio;jenv-bw2-dm:CommercialMember;bzk-ww-dm:NonDAEBActivitiesMember
WWvvNwb*;Niet-gerealiseerde waardeveranderingen vastgoedportefeuille bestemd voor verkoop;bzk-ww-i_ChangesValueNotRealisedRealEstatePortfolioForSale;jenv-bw2-dm:CommercialMember;bzk-ww-dm:DAEBActivitiesMember
WWvvNwb*;Niet-gerealiseerde waardeveranderingen vastgoedportefeuille bestemd voor verkoop;bzk-ww-i_ChangesValueNotRealisedRealEstatePortfolioForSale;jenv-bw2-dm:CommercialMember;jenv-bw2-dm:ConsolidatedMember
WWvvNwb*;Niet-gerealiseerde waardeveranderingen vastgoedportefeuille bestemd voor verkoop;bzk-ww-i_ChangesValueNotRealisedRealEstatePortfolioForSale;jenv-bw2-dm:CommercialMember;jenv-bw2-dm:SeparateMember
WWvvNwb*;Niet-gerealiseerde waardeveranderingen vastgoedportefeuille bestemd voor verkoop;bzk-ww-i_ChangesValueNotRealisedRealEstatePortfolioForSale;jenv-bw2-dm:CommercialMember;bzk-ww-dm:CompoundNonDAEBActivitiesMember
WWvvNwb*;Niet-gerealiseerde waardeveranderingen vastgoedportefeuille bestemd voor verkoop;bzk-ww-i_ChangesValueNotRealisedRealEstatePortfolioForSale;jenv-bw2-dm:CommercialMember;bzk-ww-dm:NonDAEBActivitiesMember
WWvvNwp*;Niet-gerealiseerde waardeveranderingen vastgoedportefeuille;bzk-ww-i_ChangesValueNotRealisedRealEstatePortfolio;jenv-bw2-dm:CommercialMember;bzk-ww-dm:DAEBActivitiesMember
WWvvNwp*;Niet-gerealiseerde waardeveranderingen vastgoedportefeuille;bzk-ww-i_ChangesValueNotRealisedRealEstatePortfolio;jenv-bw2-dm:CommercialMember;jenv-bw2-dm:ConsolidatedMember
WWvvNwp*;Niet-gerealiseerde waardeveranderingen vastgoedportefeuille;bzk-ww-i_ChangesValueNotRealisedRealEstatePortfolio;jenv-bw2-dm:CommercialMember;jenv-bw2-dm:SeparateMember
WWvvNwp*;Niet-gerealiseerde waardeveranderingen vastgoedportefeuille;bzk-ww-i_ChangesValueNotRealisedRealEstatePortfolio;jenv-bw2-dm:CommercialMember;bzk-ww-dm:CompoundNonDAEBActivitiesMember
WWvvNwp*;Niet-gerealiseerde waardeveranderingen vastgoedportefeuille;bzk-ww-i_ChangesValueNotRealisedRealEstatePortfolio;jenv-bw2-dm:CommercialMember;bzk-ww-dm:NonDAEBActivitiesMember
WWvvNwv*;Niet-gerealiseerde waardeveranderingen vastgoedportefeuille verkocht onder voorwaarden;bzk-ww-i_ChangesValueNotRealisedRealEstatePortfolioSoldUnderConditions;jenv-bw2-dm:CommercialMember;bzk-ww-dm:DAEBActivitiesMember
WWvvNwv*;Niet-gerealiseerde waardeveranderingen vastgoedportefeuille verkocht onder voorwaarden;bzk-ww-i_ChangesValueNotRealisedRealEstatePortfolioSoldUnderConditions;jenv-bw2-dm:CommercialMember;jenv-bw2-dm:ConsolidatedMember
WWvvNwv*;Niet-gerealiseerde waardeveranderingen vastgoedportefeuille verkocht onder voorwaarden;bzk-ww-i_ChangesValueNotRealisedRealEstatePortfolioSoldUnderConditions;jenv-bw2-dm:CommercialMember;jenv-bw2-dm:SeparateMember
WWvvNwv*;Niet-gerealiseerde waardeveranderingen vastgoedportefeuille verkocht onder voorwaarden;bzk-ww-i_ChangesValueNotRealisedRealEstatePortfolioSoldUnderConditions;jenv-bw2-dm:CommercialMember;bzk-ww-dm:CompoundNonDAEBActivitiesMember
WWvvNwv*;Niet-gerealiseerde waardeveranderingen vastgoedportefeuille verkocht onder voorwaarden;bzk-ww-i_ChangesValueNotRealisedRealEstatePortfolioSoldUnderConditions;jenv-bw2-dm:CommercialMember;bzk-ww-dm:NonDAEBActivitiesMember
WWvvOwv*;Overige waardeveranderingen van vastgoedportefeuille;bzk-ww-i_ChangesValueOtherRealEstatePortfolio;jenv-bw2-dm:CommercialMember;bzk-ww-dm:DAEBActivitiesMember
WWvvOwv*;Overige waardeveranderingen van vastgoedportefeuille;bzk-ww-i_ChangesValueOtherRealEstatePortfolio;jenv-bw2-dm:CommercialMember;jenv-bw2-dm:ConsolidatedMember
WWvvOwv*;Overige waardeveranderingen van vastgoedportefeuille;bzk-ww-i_ChangesValueOtherRealEstatePortfolio;jenv-bw2-dm:CommercialMember;jenv-bw2-dm:SeparateMember
WWvvOwv*;Overige waardeveranderingen van vastgoedportefeuille;bzk-ww-i_ChangesValueOtherRealEstatePortfolio;jenv-bw2-dm:CommercialMember;bzk-ww-dm:CompoundNonDAEBActivitiesMember
WWvvOwv*;Overige waardeveranderingen van vastgoedportefeuille;bzk-ww-i_ChangesValueOtherRealEstatePortfolio;jenv-bw2-dm:CommercialMember;bzk-ww-dm:NonDAEBActivitiesMember